LIMIT_BAL,SEX,PAY_0,PAY_2,PAY_3,PAY_4,PAY_5,PAY_6,BILL_AMT1,BILL_AMT2,BILL_AMT3,BILL_AMT4,BILL_AMT5,BILL_AMT6,PAY_AMT1,PAY_AMT2,PAY_AMT3,PAY_AMT4,PAY_AMT5,PAY_AMT6,default payment next month
-0.4104687555883743,-1.197941958136927,0.860685293639569,1.7247140379605317,1.6420016577734786,0.2099731799916985,0.2263924570822875,0.2447712032934213,0.1289217410877949,0.1182645295658576,0.1037603115302514,0.1231321380216443,0.1543947217969617,0.169141133025857,-0.2514861325139351,-0.3674229130166189,-0.2257109182801309,-0.2027886954367642,-0.2195975319520704,-0.1696395588456724,No
0.539934846237036,0.8347649844031078,0.0102057544700344,0.1178376050780487,0.0791828210601423,0.2099731799916985,0.2263924570822875,0.2447712032934213,-0.2635321091481606,1.1657015010845695,0.97058745782884,0.8883360151456067,0.981894223374865,0.9800294787556532,8.949750856505187,0.2359103746374023,-0.1153225785975324,-0.0353511477538726,0.0572510148221486,-0.0971021103516398,No
-1.123271456957432,0.8347649844031078,0.0102057544700344,0.1178376050780487,0.0791828210601423,0.2099731799916985,0.2263924570822875,0.2447712032934213,-0.4015257860515796,-0.4065132204466782,-0.3666149072377308,-0.3141293791712983,-0.3139509960673642,-0.5322915174602489,-0.3311410376088087,-0.2622864177819127,-0.4436543332507104,-0.3693932204943678,-0.3470248422101146,-0.3147144558337378,No
-0.8856705565010795,0.8347649844031078,0.860685293639569,1.7247140379605317,0.0791828210601423,0.2099731799916985,0.2263924570822875,0.2447712032934213,0.0211745871376094,-0.2665079491555036,-0.2482074581554899,-0.1772310869905184,-0.1505873511753636,-0.1299378385293741,-0.4471023041614635,-0.2547766681222908,-0.3237854550168917,-0.2694305054598057,-0.2576745167864591,-0.2349232624903018,No
-1.0440711568053147,0.8347649844031078,0.0102057544700344,0.1178376050780487,0.0791828210601423,0.2099731799916985,0.2263924570822875,0.2447712032934213,-0.2900517042156624,-0.2707029161978987,-0.228665199255235,-0.1928416329473288,-0.1882380211407977,-0.1771289230151134,-0.3309845446714907,-0.2595829079044488,-0.3216060208671859,-0.28650746927821,-0.2790498638685798,-0.2566844970385116,No
-0.3312684554362568,-1.197941958136927,0.860685293639569,1.7247140379605317,-0.7022265972965258,-0.6276857827411415,-1.4800833500706336,-1.4016718681869913,-0.6649138985730707,-0.6668396869070196,-0.6549556856062911,-0.6122862733899527,-0.6422089361548651,-0.6390525040966163,-0.4471023041614635,-0.3207873676303671,-0.4436543332507104,-0.3693932204943678,-0.3470248422101146,-0.3147144558337378,No
-0.7272699561968445,0.8347649844031078,0.0102057544700344,0.1178376050780487,0.0791828210601423,0.2099731799916985,0.2263924570822875,0.2447712032934213,0.282671422821565,0.2914647574533764,-0.0904048270510092,-0.5552239098537317,-0.6209295694355588,-0.6387493493782925,-0.2607192158156985,-0.2153504824092759,-0.3346826257654207,-0.3673106639311477,-0.3470248422101146,-0.1949551283700898,No
1.569538748214564,-1.197941958136927,-0.8402737846995002,-0.6856006113631927,-0.7022265972965258,-0.6276857827411415,-0.6268454464941731,-0.578450332446785,-0.5843538491624584,-0.6701788245528056,-0.6116993911139782,-0.4527353109388349,-0.4733382776709252,-0.5339925522686214,-0.3289501364863564,-0.0989493626851369,0.7085035299912579,0.4765412554856142,0.0818567198234322,0.8510348789138609,No
1.8071396486709164,0.8347649844031078,0.0102057544700344,0.1178376050780487,0.0791828210601423,0.2099731799916985,0.2263924570822875,0.2447712032934213,0.0212580258216183,-0.0694286781035816,-0.0097208906074133,0.0906114265995184,0.1525479589307826,0.2360372742026438,-0.0558699608664067,-0.1421304232279627,-0.1167392107948412,-0.2027886954367642,-0.0033697444268238,0.0479727866364254,No
-0.8856705565010795,-1.197941958136927,0.0102057544700344,0.1178376050780487,0.0791828210601423,0.2099731799916985,0.2263924570822875,0.2447712032934213,-0.0146762340915565,-0.019383703387115,-0.0426512981107952,-0.3226675771050814,-0.5945757642100848,-0.3012202543823251,-0.2827847199775397,-0.2752782846930585,-0.4019181692838444,-0.2027886954367642,1.0275955489230486,-0.2676376517611106,No
-0.0144672548277867,0.8347649844031078,-1.6907533238690349,-1.4890388278044342,-1.483636015653194,-1.4653447454739814,-1.4800833500706336,-1.4016718681869913,-0.4859101084792674,-0.5620777507680075,-0.4802440447190766,-0.428480784064991,-0.4191166544197764,-0.504738121950374,0.1871635707884824,0.5661140671709761,0.8798070541581334,0.7461073770288168,0.1998678804022143,-0.1765306164526056,No
2.6783429503442093,0.8347649844031078,-0.8402737846995002,-0.6856006113631927,-0.7022265972965258,0.2099731799916985,0.2263924570822875,-0.578450332446785,-0.6276307132684182,-0.675804850586252,3.5540563322012955,3.1575623481238915,3.065442036504004,-0.6353809636191391,-0.4471023041614635,21.045727071435994,0.1000055153934,-0.3610629942414876,-0.333278638298783,38.03336828971253,No
-1.0440711568053147,0.8347649844031078,0.0102057544700344,0.1178376050780487,0.0791828210601423,0.2099731799916985,0.2263924570822875,0.2447712032934213,-0.2471503141877426,-0.2383357290179469,-0.197554396479129,-0.143304973076637,-0.1339498478764533,-0.124598947101116,-0.3247248271787697,-0.2322474191434252,-0.3237854550168917,-0.2444398267011651,-0.2439283128751274,-0.0971021103516398,No
-0.648069656044727,0.8347649844031078,-0.8402737846995002,-0.6856006113631927,-1.483636015653194,-1.4653447454739814,-1.4800833500706336,-1.4016718681869913,-0.5260719283822277,-0.675804850586252,-0.6641424704488788,-0.6120142600044516,-0.6419094610954847,-0.6387493493782925,-0.4471023041614635,-0.3674229130166189,-0.4436543332507104,-0.3693932204943678,-0.3470248422101146,-0.3147144558337378,No
-0.648069656044727,0.8347649844031078,-0.8402737846995002,-0.6856006113631927,-0.7022265972965258,-0.6276857827411415,-0.6268454464941731,-0.578450332446785,-0.5420226234752662,-0.6723113830492741,-0.5755883737214558,-0.6091732313114406,-0.6145574056720762,-0.3545923267361108,-0.4269147152474386,0.0827865790777123,-0.4231676522434759,-0.2324443008970176,0.8126049197498219,-0.0245646618576071,No
0.0647330453243308,0.8347649844031078,0.860685293639569,-1.4890388278044342,-0.7022265972965258,-0.6276857827411415,-1.4800833500706336,-0.578450332446785,-0.6826863382669707,-0.675804850586252,-0.6346885435219995,-0.6120142600044516,-0.6419094610954847,-0.6362230600589275,-0.4471023041614635,-0.2179037972935474,-0.4436543332507104,-0.3693932204943678,-0.3367151892766159,-0.2701764624584017,No
1.569538748214564,0.8347649844031078,0.0102057544700344,0.1178376050780487,-0.7022265972965258,-0.6276857827411415,-0.6268454464941731,-0.578450332446785,-0.4622135222207342,-0.56112371144064,-0.6492897619433103,-0.5968419578353928,-0.6311616339643886,-0.5796678631627417,-0.3688558355024522,-0.2920250264340153,-0.3342467389354795,-0.3155799589007618,-0.1059164256053578,-0.3147144558337378,No
1.4903384480624464,-1.197941958136927,0.860685293639569,-1.4890388278044342,-1.483636015653194,-1.4653447454739814,-1.4800833500706336,-1.4016718681869913,-0.6826863382669707,-0.675804850586252,-0.6641424704488788,-0.6120142600044516,-0.6419094610954847,-0.6387493493782925,-0.4471023041614635,-0.3674229130166189,-0.4436543332507104,-0.3693932204943678,-0.3470248422101146,-0.3147144558337378,No
0.9359363469976236,-1.197941958136927,0.0102057544700344,0.1178376050780487,0.0791828210601423,0.2099731799916985,0.2263924570822875,0.2447712032934213,1.3805159076689308,1.4066946411756112,1.574267214787736,1.532917067654602,1.7703621422135245,1.8523571807324075,0.0927983295857148,0.1482715961096151,0.1556900579183831,0.0887692234140419,0.0309957653515052,0.091495255732845,No
0.3023339457806834,-1.197941958136927,-1.6907533238690349,-1.4890388278044342,-1.483636015653194,-1.4653447454739814,-1.4800833500706336,-1.4016718681869913,-0.6290352644492351,-0.6380641771948039,-0.6136965182536712,-0.6120142600044516,-0.6419094610954847,0.7448151011939705,-0.236619303468723,-0.1055579423856042,-0.4436543332507104,-0.3693932204943678,5.5569697377068215,-0.2859896262301009,No
0.7775357466933885,0.8347649844031078,-0.8402737846995002,-0.6856006113631927,-0.7022265972965258,-0.6276857827411415,-0.6268454464941731,0.2447712032934213,-0.5718936723504596,0.2733239802432864,-0.5753812642403024,-0.6120142600044516,0.8279806803566455,0.8090165337634345,4.846271300620654,0.0831620665606934,-0.4436543332507104,6.990195069400211,-0.0033697444268238,1.4987217565170785,No
0.3023339457806834,0.8347649844031078,-1.6907533238690349,-1.4890388278044342,-1.483636015653194,-1.4653447454739814,-1.4800833500706336,-1.4016718681869913,-0.5827824206136237,-0.4675296474278706,-0.6479139632470774,-0.6120142600044516,-0.6419094610954847,-0.6360546407709697,0.9227586226518484,-0.2846654717675859,-0.4436543332507104,-0.3693932204943678,-0.3360278790810493,-0.2347056501448197,No
-0.648069656044727,0.8347649844031078,0.0102057544700344,0.1178376050780487,0.0791828210601423,0.2099731799916985,0.2263924570822875,0.2447712032934213,0.3966625716250846,0.4087554747591406,0.3180890374552272,0.2287942264340534,0.3043152640234427,0.3446508730065455,-0.2045382513185283,-0.1732207868187972,-0.2257109182801309,-0.1611375641723633,-0.1408317835401401,-0.1333708345986561,No
-0.8856705565010795,0.8347649844031078,0.0102057544700344,0.1178376050780487,0.0791828210601423,0.2099731799916985,0.2263924570822875,0.2447712032934213,-0.5445257839955339,-0.5210680896813151,-0.4748591982090897,-0.4611526140346175,-0.4608268751901446,-0.5096391232299423,-0.3505461618362435,-0.2172279198241814,-0.4112897361275793,-0.286090957965566,-0.3259244192062206,-0.288528436927392,No
-0.7272699561968445,0.8347649844031078,0.0102057544700344,0.1178376050780487,0.0791828210601423,0.2099731799916985,-0.6268454464941731,1.891214274773834,-0.1088506954429576,-0.0893652940475398,-0.1036598338448233,-0.0396376494912357,-0.5298392388740247,-0.5686532417303101,-0.2818457623536315,-0.2773059171011564,-0.3610537789768608,0.1917308198996409,-0.3470248422101146,-0.3147144558337378,No
2.4407420498878567,0.8347649844031078,-0.8402737846995002,0.1178376050780487,0.0791828210601423,-0.6276857827411415,-0.6268454464941731,-0.578450332446785,-0.6705460097436727,-0.6534550763436584,-0.641685885278109,-0.6077073814006849,-0.6304628588258344,-0.6033812989071817,-0.3684646031591571,-0.2923254164204001,-0.4125973966174028,-0.3120812638745522,-0.2026897011411325,-0.2411614830607887,No
0.3023339457806834,0.8347649844031078,0.860685293639569,-1.4890388278044342,-1.483636015653194,-1.4653447454739814,-0.6268454464941731,-0.578450332446785,-0.6826863382669707,-0.675804850586252,-0.6641424704488788,-0.6120142600044516,-0.6320101466326331,-0.6387493493782925,-0.4471023041614635,-0.3674229130166189,-0.4436543332507104,-0.3198283742897307,-0.3470248422101146,-0.1428007029028804,No
-0.1728678551320218,0.8347649844031078,0.0102057544700344,0.1178376050780487,0.0791828210601423,0.2099731799916985,0.2263924570822875,0.2447712032934213,0.7295272950313365,0.8007954883566245,0.8859388541745944,0.9797778482382108,1.1499330066938591,1.16044022001591,-0.0272317533372086,0.0145980521683457,-0.0508113277662409,-0.0450142102072137,-0.0868779331881635,-0.0750507260094539,No
-0.648069656044727,0.8347649844031078,0.0102057544700344,0.1178376050780487,0.0791828210601423,0.2099731799916985,0.2263924570822875,0.2447712032934213,-0.186782426307289,-0.1555447573886031,-0.0951239645144319,-0.0238306494226745,0.0367509359703667,0.0872725171496334,-0.2906093668434408,-0.2172279198241814,-0.2914208578937606,-0.1611375641723633,-0.1408317835401401,-0.1986545382432855,No
0.6191351463891535,0.8347649844031078,0.0102057544700344,0.1178376050780487,0.0791828210601423,0.2099731799916985,0.2263924570822875,0.2447712032934213,2.5742731597845507,2.574508927823923,2.511171333387996,2.525841484007196,2.858205295412777,2.977111711500118,0.3444389727930953,0.3197191808387825,0.4289911002914898,0.2970248797360464,0.2034418934191605,0.2448394218492301,No
3.62874655216962,0.8347649844031078,1.7111648328091036,1.7247140379605317,0.0791828210601423,0.2099731799916985,0.2263924570822875,0.2447712032934213,1.5539849317234755,1.5246447680164676,1.7093321835684532,1.86302042281488,2.139198952847068,2.239435230245521,-0.4471023041614635,0.0981815658799372,0.210175911661028,0.1304203546784428,0.0997267849081633,0.1205102351304581,No
-0.648069656044727,0.8347649844031078,0.860685293639569,1.7247140379605317,0.0791828210601423,0.2099731799916985,0.2263924570822875,0.2447712032934213,0.4203452514362831,0.4390041334327323,0.5162040497127697,-0.1727277542750009,-0.2001671110061164,-0.1821815016538435,-0.2906093668434408,-0.2021333230083415,-0.2257109182801309,-0.286090957965566,-0.2782938226534565,-0.1696395588456724,No
-1.0440711568053147,-1.197941958136927,-1.6907533238690349,-0.6856006113631927,-0.7022265972965258,-0.6276857827411415,-0.6268454464941731,-1.4016718681869913,-0.574257768397379,-0.638106267165129,-0.5345215223156211,-0.560981526513504,-0.6086344544976641,-0.6387493493782925,-0.2368540428747,0.2908066446492382,-0.0742402448755782,-0.1994566049356121,-0.3470248422101146,-0.3147144558337378,No
-0.8856705565010795,0.8347649844031078,0.0102057544700344,0.1178376050780487,0.0791828210601423,0.2099731799916985,0.2263924570822875,0.2447712032934213,0.0173920334625384,0.0324571100632196,0.063950910545705,0.0057885858874401,-0.3048669192661591,-0.2968076690378341,-0.298746999583978,-0.2430614586532807,-0.2529538451514533,-0.3096654982612169,-0.2952703844839511,-0.2421770073397051,No
0.3023339457806834,-1.197941958136927,-1.6907533238690349,-1.4890388278044342,-1.483636015653194,-1.4653447454739814,-0.6268454464941731,-0.578450332446785,-0.5058519539573993,-0.4490240904749635,-0.6352359042936191,-0.5319667653933917,-0.6172360437032007,-0.5816046849742549,0.8239333327355168,-0.2200065271982415,-0.0776183678076222,0.0345394505077919,-0.1126520655219103,-0.097537335042604,No
-0.2520681552841393,0.8347649844031078,0.0102057544700344,0.1178376050780487,0.0791828210601423,0.2099731799916985,0.2263924570822875,0.2447712032934213,0.555029193874015,0.6060031056923627,0.4039063303245524,0.1383497757549533,-0.1749779310115662,-0.1755963074946986,-0.126291782659517,-0.1349961610513219,-0.2660304500496881,-0.32266065121571,-0.3057862304761197,-0.3147144558337378,No
-0.8856705565010795,0.8347649844031078,0.0102057544700344,0.1178376050780487,0.0791828210601423,0.2099731799916985,0.2263924570822875,1.891214274773834,-0.4767179467909515,-0.4476491514443457,-0.4084214353619703,-0.3415876192521547,-0.3183100219316787,-0.3189211215466762,-0.2906093668434408,-0.2472669184626689,-0.3128882842683627,-0.2027886954367642,-0.3470248422101146,-0.2421770073397051,No
1.569538748214564,-1.197941958136927,0.860685293639569,-1.4890388278044342,-1.483636015653194,-1.4653447454739814,-0.6268454464941731,-0.578450332446785,-0.6827975898456492,-0.6759170905071187,-0.6642608187238235,-0.6121351548424521,-0.6140083680632121,-0.5949603345092982,-0.4471023041614635,-0.3674229130166189,-0.4436543332507104,-0.2290289081333368,-0.1674306881085669,-0.3147144558337378,No
-0.8856705565010795,0.8347649844031078,-1.6907533238690349,-1.4890388278044342,-1.483636015653194,-1.4653447454739814,-1.4800833500706336,-1.4016718681869913,-0.6301338737886858,-0.6204705695989393,-0.6328097646572513,-0.5778765801240694,-0.583228986960228,-0.6202232277029488,-0.1376375206150736,-0.2079158302462503,-0.1967244440890438,-0.0663395894145869,-0.2574683237277891,-0.3147144558337378,No
-0.8856705565010795,-1.197941958136927,3.4121239111481723,2.5281522544017734,1.6420016577734786,0.2099731799916985,0.2263924570822875,0.2447712032934213,-0.0466888758563121,-0.0480890631487888,-0.0197065263058782,0.0534967113333748,0.1069112873818716,-0.2046486346673968,-0.4471023041614635,-0.3674229130166189,-0.3061320384042748,-0.256268747980255,-0.2593927922753755,-0.1993799127282258,No
-0.0936675549799042,-1.197941958136927,-0.8402737846995002,-0.6856006113631927,-0.7022265972965258,-0.6276857827411415,-0.6268454464941731,1.891214274773834,-0.6623272993687942,-0.646566351200461,-0.6584617532515299,-0.6120142600044516,-0.6029111533628388,-0.624905283908172,-0.2834889381954708,-0.3385854743236709,-0.4436543332507104,-0.1741327171268564,-0.3470248422101146,-0.2804767801445544,No
1.1735372474539765,0.8347649844031078,0.0102057544700344,0.1178376050780487,0.0791828210601423,0.2099731799916985,0.2263924570822875,0.2447712032934213,0.7979052965766464,0.8528327216684761,0.998266160631548,0.2155411298182521,0.3262102183648087,0.3241037198757097,0.1788694451106272,0.0831620665606934,0.1012042041757382,0.047118092149641,-0.072100763983482,0.0479727866364254,No
-0.8856705565010795,0.8347649844031078,0.0102057544700344,0.1178376050780487,0.0791828210601423,0.2099731799916985,0.2263924570822875,0.2447712032934213,-0.4475839396245035,-0.4282456751245047,-0.3907875423951997,-0.4566795050286002,-0.4647866009752853,-0.4572607246751067,-0.3442864443435226,-0.281286084420756,-0.4057321790458296,-0.3267424620796213,-0.3171268487029683,-0.3009323406198715,No
1.3319378477582111,-1.197941958136927,0.0102057544700344,0.1178376050780487,0.0791828210601423,0.2099731799916985,1.9328682642352089,0.2447712032934213,-0.0410428582383752,-0.0334978734361101,0.0480034804968974,0.16076065634929,0.0144400440465279,-0.2116717189752316,-0.2511731466392991,-0.0665072441555704,0.1073066197949144,-0.3632288530672364,-0.2767130092036534,-0.12858336299805,No
-0.8856705565010795,0.8347649844031078,0.0102057544700344,0.1178376050780487,0.0791828210601423,0.2099731799916985,0.2263924570822875,0.2447712032934213,0.0071986075661153,0.1822974044203441,-0.1983680408693743,-0.3810900075688076,-0.3419186391128325,-0.3316704616450719,-0.2827847199775397,-0.2172279198241814,-0.0077675033095514,-0.1194864329079624,-0.2439283128751274,-0.2421770073397051,No
0.0647330453243308,0.8347649844031078,0.0102057544700344,0.1178376050780487,-0.7022265972965258,-0.6276857827411415,-1.4800833500706336,-1.4016718681869913,-0.289078252902225,-0.4286525448376466,-0.6595860618635052,-0.6120142600044516,-0.6419094610954847,-0.6387493493782925,-0.1341164295254181,-0.3442928840649835,-0.4436543332507104,-0.3693932204943678,-0.3470248422101146,-0.3147144558337378,No
-1.123271456957432,0.8347649844031078,0.860685293639569,1.7247140379605317,0.0791828210601423,0.2099731799916985,0.2263924570822875,0.2447712032934213,-0.4163222460158281,-0.4209500802681652,-0.4092054926834794,-0.4967108082615052,-0.6131265803883699,-0.6387493493782925,-0.4471023041614635,-0.2673179500538593,-0.3891684795080655,-0.3610629942414876,-0.3470248422101146,-0.0825946206528333,No
-0.7272699561968445,-1.197941958136927,0.0102057544700344,0.1178376050780487,0.0791828210601423,0.2099731799916985,0.2263924570822875,0.2447712032934213,-0.4061983523560791,-0.3866327244631534,-0.340770602696667,-0.2728286801393885,-0.2603283229349762,-0.2445808478421605,-0.3413130785344802,-0.2472669184626689,-0.3402401828471704,-0.286090957965566,-0.2782938226534565,-0.2421770073397051,No
-0.806470256348962,-1.197941958136927,0.0102057544700344,0.1178376050780487,0.0791828210601423,0.2099731799916985,0.2263924570822875,0.2447712032934213,-0.0596635912196992,-0.0929289115350594,-0.062800091920142,0.0051992235521878,0.0337728228798617,0.0459761077424126,-0.2123628981844295,-0.0290335933540573,-0.1712250645374861,-0.2194491479425246,-0.0583545600721503,-0.1333708345986561,No
2.282341449583622,0.8347649844031078,-1.6907533238690349,-1.4890388278044342,-1.483636015653194,-1.4653447454739814,-1.4800833500706336,-1.4016718681869913,-0.6060340005574427,-0.4033424426821923,-0.6423515943246733,-0.6035516213444189,-0.6419094610954847,-0.6387493493782925,1.0730700889458091,-0.2568043005303887,-0.3826301770589482,-0.3693932204943678,-0.3470248422101146,-0.2328922139324689,No
1.0943369473018587,0.8347649844031078,-1.6907533238690349,-1.4890388278044342,-1.483636015653194,-1.4653447454739814,-1.4800833500706336,-1.4016718681869913,2.1690253780005606,-0.6770114297355696,-0.665414714404535,-0.5815789845378337,-0.6449873992057831,-0.6081812486139753,-0.4471023041614635,-0.3674229130166189,-0.2148137475316019,-0.3693932204943678,-0.2095628030967983,0.0479727866364254,No
1.569538748214564,0.8347649844031078,-0.8402737846995002,-0.6856006113631927,-0.7022265972965258,0.2099731799916985,-0.6268454464941731,-0.578450332446785,-0.5037798933045112,-0.6132030347228166,-0.3747809382089198,-0.4776094238574312,-0.5532482060155915,-0.621941104440117,-0.0962451386944566,1.1062152626909811,-0.4194626141889761,0.0766903953473657,-0.2784312846925698,0.3384127304065322,No
-0.4896690557404919,0.8347649844031078,1.7111648328091036,0.1178376050780487,0.0791828210601423,2.7229500681902183,2.786106167811669,1.891214274773834,0.0661619442657522,0.0962655050759726,0.246754614732268,0.332023306231703,0.3762724657912299,0.4142754066482464,-0.2866970434104903,0.1958083114550215,-0.1712250645374861,-0.3693932204943678,-0.1751972933184692,-0.1333708345986561,Yes
-0.8856705565010795,0.8347649844031078,0.0102057544700344,-0.6856006113631927,-0.7022265972965258,0.2099731799916985,0.2263924570822875,0.2447712032934213,-0.3914297052865003,-0.6099200170374639,0.0344821900844576,-0.3629255581592372,-0.4864652677737655,-0.4755005335609225,-0.2624406381261968,3.3367611065918696,-0.1166302390873559,-0.2126183624151628,-0.3126593324317855,-0.2782281192412393,No
2.6783429503442093,0.8347649844031078,-1.6907533238690349,-1.4890388278044342,-1.483636015653194,-0.6276857827411415,-0.6268454464941731,-0.578450332446785,-0.6769568819650248,-0.6738687119513004,-0.6301321349366259,-0.5931093297121284,-0.6218446321169988,-0.6193642893343646,-0.43630429148652,-0.194773768341912,-0.307330727186613,-0.2689306918846328,-0.2679154387004011,0.8325378295478826,No
1.569538748214564,0.8347649844031078,0.860685293639569,-1.4890388278044342,-1.483636015653194,-1.4653447454739814,-0.6268454464941731,-0.578450332446785,-0.6826863382669707,-0.675804850586252,-0.6641424704488788,-0.6120142600044516,-0.6391476355478656,-0.6296378658997825,-0.4471023041614635,-0.3674229130166189,-0.4436543332507104,-0.3555650449145867,-0.3097038985908493,-0.0051246256612064,No
1.569538748214564,-1.197941958136927,0.860685293639569,-1.4890388278044342,-1.483636015653194,-1.4653447454739814,-1.4800833500706336,-1.4016718681869913,-0.6826863382669707,-0.675804850586252,-0.6641424704488788,-0.6120142600044516,-0.6419094610954847,-0.6387493493782925,-0.4471023041614635,-0.3674229130166189,-0.4436543332507104,-0.3693932204943678,-0.3470248422101146,-0.3147144558337378,No
-0.806470256348962,0.8347649844031078,0.0102057544700344,0.1178376050780487,0.0791828210601423,0.2099731799916985,0.2263924570822875,0.2447712032934213,-0.0478848303271067,-0.0184998140102893,0.0343194612064085,-0.3158974661770552,-0.3223196602267161,-0.3133127592576858,-0.2955388943689585,-0.2697210699449383,-0.3693356287457428,-0.3119146593494946,-0.2909403302518816,-0.2541456863412205,No
-0.4896690557404919,-1.197941958136927,0.0102057544700344,0.1178376050780487,-1.483636015653194,-1.4653447454739814,-1.4800833500706336,-1.4016718681869913,1.4723958052100867,-0.675804850586252,-0.6641424704488788,-0.6120142600044516,-0.6419094610954847,-0.6387493493782925,-0.4471023041614635,-0.3674229130166189,-0.4436543332507104,-0.3693932204943678,-0.3470248422101146,-0.3147144558337378,No
-0.4104687555883743,0.8347649844031078,-0.8402737846995002,-0.6856006113631927,-0.7022265972965258,-0.6276857827411415,-0.6268454464941731,0.2447712032934213,-0.6491718001900544,-0.6456263418632019,-0.6321736426794232,-0.586036981689101,1.148136156337577,1.1791684448368027,-0.2787941500759301,-0.2051372228721902,-0.2563319680834973,8.593180507241943,-0.0033697444268238,-0.0608333861046235,No
-0.0144672548277867,-1.197941958136927,0.0102057544700344,-0.6856006113631927,0.0791828210601423,0.2099731799916985,1.9328682642352089,1.891214274773834,0.9461202122711582,-0.5183603015904045,-0.4346503717966046,-0.3386861431401434,-0.3507697908678527,-0.3029381311194933,0.7512423633512954,0.759039535926662,-0.1167392107948412,-0.3693932204943678,-0.1408317835401401,-0.3147144558337378,No
0.539934846237036,-1.197941958136927,0.0102057544700344,0.1178376050780487,1.6420016577734786,1.8852911054573784,1.9328682642352089,0.2447712032934213,-0.1162489254250818,-0.0505864013880742,-0.030920025356895,0.0532095860931237,0.044853400076936,-0.0548059941714573,-0.0558699608664067,-0.3674229130166189,-0.1167392107948412,-0.3693932204943678,-0.1408317835401401,-0.0971021103516398,No
-0.5688693558926095,0.8347649844031078,0.0102057544700344,0.1178376050780487,0.0791828210601423,0.2099731799916985,0.2263924570822875,1.891214274773834,-0.3433551168500275,-0.3563279458291282,-0.3762454981113614,-0.3674893382937549,-0.397853925203769,-0.3958550522857401,-0.333331938731261,-0.2634879777274522,-0.3993028483041975,-0.3133307978124842,-0.3470248422101146,-0.3073156360873464,No
-0.4896690557404919,-1.197941958136927,-0.8402737846995002,-0.6856006113631927,-0.7022265972965258,-0.6276857827411415,-0.6268454464941731,-0.578450332446785,-0.6772628238063908,-0.6551386751566598,-0.6583729920453213,-0.6061206366519287,-0.6354208348089097,-0.6387493493782925,-0.3318452558267398,-0.3381348893440936,-0.4011553673314474,-0.3369053381081351,-0.3470248422101146,-0.14207532841794,No
-0.3312684554362568,0.8347649844031078,1.7111648328091036,1.7247140379605317,1.6420016577734786,1.8852911054573784,1.9328682642352089,1.891214274773834,0.9902314632172072,1.019326614284206,0.961474640658093,1.1456909015391028,1.3431276950008062,1.3345689218353454,-0.133568704244805,-0.3674229130166189,0.4577596310676062,0.047118092149641,-0.3470248422101146,0.0044503175400058,Yes
1.886339948823034,0.8347649844031078,-1.6907533238690349,-1.4890388278044342,-1.483636015653194,-1.4653447454739814,-0.6268454464941731,-0.578450332446785,-0.6826863382669707,-0.560267882044031,-0.6641424704488788,-0.6120142600044516,-0.6165539060679454,-0.6387493493782925,0.1972573652454949,-0.3674229130166189,-0.4436543332507104,-0.2424405724004739,-0.3470248422101146,-0.2867875381635352,No
2.6783429503442093,0.8347649844031078,-1.6907533238690349,-1.4890388278044342,-1.483636015653194,-1.4653447454739814,-1.4800833500706336,-1.4016718681869913,-0.5307027753447228,-0.6175523316564036,-0.3280037825370001,-0.4983580004292616,0.5466571370753707,-0.4874919868635086,-0.1222229662892484,1.346827641785266,0.3759218787461537,5.581637112300702,-0.279599712025033,3.4269122123854543,No
0.539934846237036,0.8347649844031078,1.7111648328091036,0.1178376050780487,-0.7022265972965258,-0.6276857827411415,-0.6268454464941731,-0.578450332446785,-0.548683811748645,-0.5333723910063336,-0.6372626185020482,-0.6245268757375,-0.5395389032972894,-0.4254800050374943,-0.3514851194601516,-0.2294688117693651,-0.4436543332507104,0.2856124697696005,0.5241408306705275,-0.1000761457398951,No
-0.2520681552841393,-1.197941958136927,0.0102057544700344,0.1178376050780487,0.0791828210601423,-0.6276857827411415,-0.6268454464941731,-0.578450332446785,1.7014071799199026,1.826892844920544,-0.0732887077871221,1.2087073358468468,0.0922536469755316,1.4928998944443514,0.4064101759710323,-0.3674229130166189,14.12117717411066,0.010964910212141,8.85200354627257,0.0331751471436428,No
0.7775357466933885,0.8347649844031078,-0.8402737846995002,-0.6856006113631927,-0.7022265972965258,-0.6276857827411415,-0.6268454464941731,1.891214274773834,-0.5121793874947425,-0.3717749649384161,-0.5167101069364334,-0.4833065930982033,-0.2711094250726701,-0.4085538665977484,1.260079149040846,0.3809987380612969,0.4916498320955313,1.4883305361604406,-0.3470248422101146,-0.0506781433154589,No
-1.2024717571095496,-1.197941958136927,-0.8402737846995002,1.7247140379605317,1.6420016577734786,1.8852911054573784,0.2263924570822875,0.2447712032934213,-0.6425384248113453,-0.6488251796079045,-0.6199245962226396,-0.569504612592537,-0.6085013544712727,-0.6028423571857171,-0.4471023041614635,-0.2547766681222908,-0.4436543332507104,-0.3693932204943678,-0.3367151892766159,-0.3147144558337378,No
0.0647330453243308,-1.197941958136927,0.0102057544700344,0.1178376050780487,0.0791828210601423,0.2099731799916985,0.2263924570822875,0.2447712032934213,-0.3863399455619561,-0.3537183676689761,-0.3051625654726598,-0.2258157000119565,-0.1436328747964191,-0.0588143732248499,-0.2906093668434408,-0.2172279198241814,-0.2257109182801309,0.047118092149641,-0.0033697444268238,0.0479727866364254,No
0.3023339457806834,0.8347649844031078,0.860685293639569,-0.6856006113631927,1.6420016577734786,-0.6276857827411415,-0.6268454464941731,-0.578450332446785,-0.6851755923399034,-0.6687197055815377,-0.6613464924533086,-0.5096616677823054,-0.2557696470310747,-0.3542386462313997,-0.3688558355024522,-0.3674229130166189,0.3082504483977887,1.629861080196875,0.8214024902530741,-0.1333708345986561,No
0.6191351463891535,0.8347649844031078,0.0102057544700344,0.1178376050780487,0.0791828210601423,0.2099731799916985,0.2263924570822875,0.2447712032934213,-0.5609910176399607,-0.5369079485136365,-0.5072570384752201,-0.4493351436200718,-0.4461692347838046,-0.5661437943397407,-0.3457731272480438,-0.2923254164204001,-0.3346826257654207,-0.286090957965566,-0.2782938226534565,-0.2421770073397051,No
0.9359363469976236,0.8347649844031078,0.860685293639569,-1.4890388278044342,-1.483636015653194,-1.4653447454739814,-1.4800833500706336,-1.4016718681869913,-0.6866913950993988,-0.6798454877374553,-0.6684030083468904,-0.6163664741724684,-0.6467010620455709,-0.6029770926160833,-0.4471023041614635,-0.3674229130166189,-0.4436543332507104,-0.3693932204943678,-0.1812456230394551,-0.3147144558337378,No
-0.806470256348962,-1.197941958136927,0.0102057544700344,0.1178376050780487,0.0791828210601423,0.2099731799916985,0.2263924570822875,0.2447712032934213,0.1355551164665041,0.0710816728314934,-0.0941032106430333,-0.0129954495668826,0.0172517821040438,0.0204437436880298,-0.2892009304075786,-0.2247376694838033,-0.2257109182801309,-0.2444398267011651,-0.2164359050524641,-0.1696395588456724,No
-0.1728678551320218,0.8347649844031078,0.0102057544700344,0.1178376050780487,-0.7022265972965258,-0.6276857827411415,0.2263924570822875,0.2447712032934213,-0.625489120378856,-0.5912040102329317,-0.4270760822001394,-0.2400208434770114,-0.3181769219052874,-0.3011192028095504,-0.2906093668434408,0.8360144699377862,2.238793218207182,-0.286090957965566,-0.2782938226534565,-0.2421770073397051,No
-0.0144672548277867,-1.197941958136927,-0.8402737846995002,-0.6856006113631927,-1.483636015653194,-1.4653447454739814,-1.4800833500706336,-0.578450332446785,-0.261807709678643,-0.6776427792904451,-0.6719386630608654,-0.6259625019387556,-0.6666660660042633,-0.6704795432295176,-0.436852016767133,-0.3376843043645163,-0.4005015370865357,-0.3223274421655948,-0.2925898747212414,-0.3147144558337378,No
-1.2024717571095496,-1.197941958136927,0.0102057544700344,0.1178376050780487,0.0791828210601423,0.2099731799916985,0.2263924570822875,0.2447712032934213,-0.5719910174818034,-0.5404294760308311,-0.5381311447014365,-0.4816291772209468,-0.4872971429387109,-0.553983921749197,-0.2906093668434408,-0.2923254164204001,-0.3891684795080655,-0.2444398267011651,-0.3470248422101146,-0.1333708345986561,No
-0.5688693558926095,-1.197941958136927,0.0102057544700344,0.1178376050780487,0.0791828210601423,-0.6276857827411415,-0.6268454464941731,-0.578450332446785,-0.0867116312859241,-0.0455075449688534,-0.6641424704488788,-0.6001212303161555,-0.6176686187889724,-0.6387493493782925,-0.2034428007573022,-0.3674229130166189,-0.3578935994597874,-0.2480218239899036,-0.3470248422101146,-0.3147144558337378,No
1.0943369473018587,0.8347649844031078,-0.8402737846995002,0.1178376050780487,0.0791828210601423,0.2099731799916985,0.2263924570822875,-0.578450332446785,-0.3361237642359211,-0.3765030716049283,-0.4243096912733054,-0.4411898539097902,-0.4523084735011025,-0.5353735904298743,-0.2906093668434408,-0.1421304232279627,-0.4436543332507104,0.047118092149641,0.0792449410802792,-0.3147144558337378,No
-0.806470256348962,0.8347649844031078,0.860685293639569,1.7247140379605317,0.0791828210601423,0.2099731799916985,0.2263924570822875,0.2447712032934213,-0.5361123833579677,-0.5322499917976661,-0.4979075247545833,-0.4393310957755331,-0.2929711044074383,-0.1022160237315416,-0.4471023041614635,-0.2560533255644265,-0.3703163741131104,0.4636294047936499,0.4461311234737205,0.1930476836244908,No
-1.123271456957432,-1.197941958136927,0.0102057544700344,0.1178376050780487,0.0791828210601423,0.2099731799916985,0.2263924570822875,0.2447712032934213,-0.3966168101423882,-0.4079863694080545,-0.3733311718408464,-0.3180433495515635,-0.324000048059906,-0.3209758368597598,-0.3435822261255915,-0.2472669184626689,-0.3532078160379199,-0.3110816367242066,-0.300700135028927,-0.2874403751999815,No
0.1439333454764483,0.8347649844031078,0.0102057544700344,0.1178376050780487,0.0791828210601423,0.2099731799916985,-0.6268454464941731,-0.578450332446785,0.3490190830559913,-0.2455050539633112,-0.5690496315307573,-0.5422277147686814,-0.5968551021620355,0.2711190118842265,-0.2906093668434408,-0.2923254164204001,-0.4436543332507104,-0.1438106935663726,3.366099758318786,-0.1696395588456724,No
2.6783429503442093,0.8347649844031078,-0.8402737846995002,1.7247140379605317,-0.7022265972965258,-0.6276857827411415,-0.6268454464941731,0.2447712032934213,-0.6743424698660786,-0.6715958535537484,-0.6567309097304627,-0.6074807035794341,-0.6319269591161385,-0.6311704814201974,-0.4471023041614635,-0.3297990672219133,-0.4109628210051235,-0.3194118629770867,-0.3264055363431172,-0.2711919867373182,No
-0.0936675549799042,0.8347649844031078,1.7111648328091036,-0.6856006113631927,-0.7022265972965258,-0.6276857827411415,-0.6268454464941731,-0.578450332446785,-0.6772628238063908,-0.6703331544439974,-0.6583729920453213,-0.5390995608354193,-0.5553611689345531,-0.6256126449175942,-0.4165861813844491,-0.3381348893440936,0.0821341553658125,0.063945149180459,-0.2934146469559213,-0.3147144558337378,No
1.569538748214564,0.8347649844031078,-0.8402737846995002,0.1178376050780487,0.0791828210601423,-0.6276857827411415,0.2263924570822875,-0.578450332446785,-0.5110946846026265,-0.5335688108678505,-0.3103994766389658,-0.4641447612751291,-0.6391476355478656,-0.6026739378977595,0.3353623824286499,0.6773334596299759,0.6226338244928497,-0.3693932204943678,-0.1998029983197528,-0.0078810487039796,No
-0.4896690557404919,0.8347649844031078,0.0102057544700344,0.1178376050780487,0.0791828210601423,0.2099731799916985,0.2263924570822875,0.2447712032934213,-0.1574815417728232,-0.1923734814230087,-0.2198038721687455,-0.1535659224519268,-0.1261967713391611,-0.0845825242823735,-0.3071976181991512,-0.2323225166400214,-0.3237854550168917,-0.2735956185862457,-0.1804895818243319,-0.3147144558337378,No
0.7775357466933885,0.8347649844031078,-0.8402737846995002,-0.6856006113631927,0.0791828210601423,0.2099731799916985,-0.6268454464941731,-0.578450332446785,-0.6014587793842869,-0.3503932600132983,0.2583971262799596,0.4013413839702214,-0.3586726049348351,-0.3244957999780751,1.3677462899156458,3.3874519167943173,0.8095203028301216,1.0487444967959536,0.93542725169757,2.508660651899495,No
0.3815342459328009,0.8347649844031078,0.0102057544700344,0.1178376050780487,0.0791828210601423,0.2099731799916985,0.2263924570822875,0.2447712032934213,-0.3798039153145908,-0.3815398380538242,-0.388213467415151,-0.4085482476496639,1.183590675867555,1.1393035993772225,-0.3434257331882735,-0.28676820167228,-0.3346826257654207,7.877530769857008,-0.0896271739704298,-0.0245646618576071,No
0.3023339457806834,0.8347649844031078,-0.8402737846995002,-0.6856006113631927,-1.483636015653194,-1.4653447454739814,-0.6268454464941731,-0.578450332446785,-0.6771376657803775,-0.675804850586252,-0.6641424704488788,-0.6120142600044516,-0.6382824853763223,-0.6342020286034354,-0.4471023041614635,-0.3674229130166189,-0.4436543332507104,-0.351233327263089,-0.328467466929817,-0.2917200846611294,No
2.6783429503442093,-1.197941958136927,0.0102057544700344,0.1178376050780487,0.0791828210601423,0.2099731799916985,0.2263924570822875,0.2447712032934213,4.434399555290075,5.104873763824374,5.919083878094445,7.588479055679045,7.394054544788104,7.343381751802726,3.856453472084161,2.63647695083213,3.6972705511903,1.3165612708260517,0.598026676693935,0.6841262099290918,No
-0.0144672548277867,0.8347649844031078,-0.8402737846995002,-0.6856006113631927,-0.7022265972965258,-0.6276857827411415,0.2263924570822875,-0.578450332446785,-0.5712261628783882,-0.6413892848504817,-0.5217694956903223,0.182446167915624,-0.5199066494045752,-0.6015286867396473,-0.2551637165409087,0.3745403533540221,5.285206272665942,-0.2406079226248402,-0.1951292889899001,-0.3147144558337378,No
0.3023339457806834,0.8347649844031078,-0.8402737846995002,0.1178376050780487,0.0791828210601423,-0.6276857827411415,0.2263924570822875,-0.578450332446785,-0.5963829261070777,-0.5814812270878486,-0.552525253641594,-0.6065437685849304,-0.638898072998382,-0.6305304881259581,-0.3594662592633708,-0.2905230765020909,-0.4042065751410355,-0.3693932204943678,-0.3134841046664655,-0.292953221285528,No
0.539934846237036,-1.197941958136927,0.0102057544700344,0.1178376050780487,0.0791828210601423,0.2099731799916985,0.2263924570822875,0.2447712032934213,-0.2917204778958408,-0.2828809476119422,-0.2943041112464772,-0.2788583101846618,-0.3114886455791255,-0.3047570594294361,-0.3211254896204553,-0.2755035771828472,-0.3722778648478456,-0.3171627018888091,-0.3044116100849866,-0.2784457315867215,No
-0.8856705565010795,0.8347649844031078,0.860685293639569,-1.4890388278044342,-0.7022265972965258,0.2099731799916985,0.2263924570822875,0.2447712032934213,-0.6826863382669707,-0.675804850586252,-0.6381650240985021,-0.5709251269390425,-0.5745442102381968,-0.5515755259314022,-0.4471023041614635,-0.2355517089936588,-0.3346826257654207,-0.2413576429875994,-0.2645476187421249,-0.1696395588456724,No
0.4607345460849184,-1.197941958136927,0.0102057544700344,0.1178376050780487,0.0791828210601423,0.2099731799916985,0.2263924570822875,0.2447712032934213,-0.1639202268888449,-0.2085500600179305,-0.2313724160445966,-0.2361068730967463,-0.3036856565319365,-0.375981576306735,-0.3219079543070454,-0.2547766681222908,-0.3237854550168917,-0.286090957965566,-0.3057862304761197,-0.2784457315867215,No
-0.1728678551320218,-1.197941958136927,0.0102057544700344,0.1178376050780487,0.0791828210601423,0.2099731799916985,1.9328682642352089,1.891214274773834,-0.130377875917259,-0.1033952841558848,-0.0449886765409543,0.0597379073451489,0.1139822262839084,0.1424298339557705,-0.3219079543070454,-0.2472669184626689,-0.0983229922298272,-0.2277793741954047,-0.2301821089637958,-0.2062709703351589,No
0.6191351463891535,-1.197941958136927,0.0102057544700344,0.1178376050780487,0.0791828210601423,0.2099731799916985,0.2263924570822875,-0.578450332446785,1.4917535799001562,1.180082240945623,0.8029915069726798,0.3758779087163728,-0.1627992785967638,2.4756938073925414,-0.0376385336688571,-0.1204272467116555,-0.2178649553411901,-0.117986992182444,12.362852756246228,0.1277639799798614,No
1.886339948823034,-1.197941958136927,-0.8402737846995002,-0.6856006113631927,-0.7022265972965258,-0.6276857827411415,-1.4800833500706336,-0.578450332446785,-0.677332356043065,-0.4976941261608123,-0.6450588111140348,-0.6120142600044516,-0.6419094610954847,-0.5872467311208369,0.5726056754027724,-0.2705471424074968,-0.4436543332507104,-0.3693932204943678,-0.136845384405854,-0.0413933499082227,No
-1.2024717571095496,-1.197941958136927,0.0102057544700344,0.1178376050780487,1.6420016577734786,1.8852911054573784,1.9328682642352089,0.2447712032934213,-0.6260453782722487,-0.5860970938334941,-0.5732657888256647,-0.5076215673910475,-0.5312367891511331,-0.524476862499013,-0.2593107793798363,-0.3674229130166189,-0.3487399760310231,-0.3693932204943678,-0.33025447343829,-0.2965075562617356,No
0.698335446541271,-1.197941958136927,0.0102057544700344,0.1178376050780487,0.0791828210601423,0.2099731799916985,0.2263924570822875,0.2447712032934213,0.3030999939564155,0.2650462860793628,0.2761493675216748,0.2901030211550408,0.3043485390300405,0.2961798019323279,-0.2123628981844295,-0.1421304232279627,-0.1167392107948412,-0.1194864329079624,-0.1408317835401401,-0.0971021103516398,No
0.3815342459328009,-1.197941958136927,0.860685293639569,-1.4890388278044342,-0.7022265972965258,0.2099731799916985,0.2263924570822875,0.2447712032934213,-0.6826863382669707,-0.675804850586252,-0.1017958485144432,0.0008470093841709,0.1080260001028985,-0.0146548359223487,-0.4471023041614635,2.487258225095444,-0.1167392107948412,0.047118092149641,-0.1408317835401401,-0.0971021103516398,No
0.539934846237036,0.8347649844031078,0.0102057544700344,0.1178376050780487,0.0791828210601423,0.2099731799916985,-1.4800833500706336,-1.4016718681869913,-0.6234587790679722,-0.599593944317722,-0.5726888409853089,-0.6120142600044516,-0.6419094610954847,-0.6387493493782925,-0.3492942183376993,-0.2923254164204001,-0.4436543332507104,-0.3693932204943678,-0.3470248422101146,-0.3147144558337378,No
-0.5688693558926095,0.8347649844031078,0.0102057544700344,0.1178376050780487,0.0791828210601423,1.8852911054573784,1.9328682642352089,1.891214274773834,-0.2056673817879745,-0.1835065276745347,-0.021378195689473,0.0294990859902819,0.1852739279197392,0.1825809922048792,-0.3187780955606849,0.3084545563493496,-0.4436543332507104,0.2970248797360464,-0.3470248422101146,-0.1696395588456724,No
-0.648069656044727,0.8347649844031078,1.7111648328091036,1.7247140379605317,1.6420016577734786,1.8852911054573784,1.9328682642352089,1.891214274773834,-0.3642982265362665,-0.3413719763736325,-0.305354881419445,-0.2408368836335146,-0.2238755532070636,-0.2096843713773311,-0.3219079543070454,-0.2848156667607783,-0.3346826257654207,-0.2777607317126858,-0.2847545384917824,-0.3147144558337378,Yes
-0.806470256348962,-1.197941958136927,-0.8402737846995002,1.7247140379605317,-0.7022265972965258,-0.6276857827411415,1.9328682642352089,1.891214274773834,-0.6750934180221589,-0.6722272031086239,-0.6572782705020822,-0.594288054382633,-0.6297308086806823,-0.6215200562202228,-0.4471023041614635,-0.3298741647185095,-0.3346826257654207,-0.3693932204943678,-0.3070233888281396,-0.3147144558337378,No
-0.3312684554362568,-1.197941958136927,1.7111648328091036,1.7247140379605317,0.0791828210601423,0.2099731799916985,0.2263924570822875,0.2447712032934213,0.8935816542402082,0.8691636301545896,0.9882953184674512,0.6552356556259543,0.7961364990425311,0.856847611543413,-0.4471023041614635,0.0080645699644747,-0.0995216810121654,-0.0416821197060616,-0.0857095058557003,-0.1696395588456724,No
0.4607345460849184,-1.197941958136927,0.860685293639569,-1.4890388278044342,-1.483636015653194,-1.4653447454739814,-1.4800833500706336,-1.4016718681869913,-0.6826863382669707,-0.675804850586252,-0.6641424704488788,-0.6120142600044516,-0.6419094610954847,-0.6387493493782925,-0.4471023041614635,-0.3674229130166189,-0.4436543332507104,-0.3693932204943678,-0.3470248422101146,-0.3147144558337378,No
-0.964870856653197,-1.197941958136927,1.7111648328091036,1.7247140379605317,0.0791828210601423,0.2099731799916985,0.2263924570822875,0.2447712032934213,-0.1730150434458172,-0.2613449127956327,-0.2766998053484429,-0.2083766196303889,-0.1881381961210042,-0.1410535115345804,-0.4471023041614635,-0.259658005401045,-0.3395863526022587,-0.2866740738032676,-0.1591142347422112,-0.3147144558337378,No
0.0647330453243308,0.8347649844031078,1.7111648328091036,1.7247140379605317,1.6420016577734786,1.8852911054573784,1.9328682642352089,1.891214274773834,1.1510734330917356,1.202768734950817,1.255481342689634,1.482549255772657,1.6254994009899124,1.8035324291534789,-0.0089220796709999,-0.3674229130166189,0.7550344490874766,-0.3693932204943678,0.4090163729131251,0.0955573528485109,Yes
-1.0440711568053147,0.8347649844031078,0.0102057544700344,0.1178376050780487,0.0791828210601423,0.2099731799916985,0.2263924570822875,0.2447712032934213,-0.3017748393189157,-0.2771847716279542,-0.2414172258805338,-0.1749038613590094,-0.2399640188971099,-0.6387493493782925,-0.3088407940409904,-0.239757168803047,-0.3335929086905678,-0.274345338949005,-0.3470248422101146,-0.3147144558337378,No
-0.5688693558926095,0.8347649844031078,0.0102057544700344,0.1178376050780487,-1.483636015653194,-1.4653447454739814,-1.4800833500706336,-1.4016718681869913,-0.5766635837863029,-0.675804850586252,-0.6641424704488788,-0.6120142600044516,-0.6419094610954847,-0.6387493493782925,-0.4471023041614635,-0.3674229130166189,-0.4436543332507104,-0.3693932204943678,-0.3470248422101146,-0.3147144558337378,No
-0.1728678551320218,0.8347649844031078,0.0102057544700344,0.1178376050780487,0.0791828210601423,0.2099731799916985,0.2263924570822875,0.2447712032934213,0.2639950640509017,0.3059016172748635,0.3981072648522588,0.500414703711605,0.6129908627281261,0.6609254538622549,-0.2123628981844295,-0.1421304232279627,-0.1167392107948412,-0.1194864329079624,-0.1408317835401401,0.0479727866364254,No
0.3815342459328009,0.8347649844031078,-0.8402737846995002,-0.6856006113631927,-0.7022265972965258,0.2099731799916985,0.2263924570822875,0.2447712032934213,-0.52356876786196,-0.6233607475612584,-0.5528063307945879,-0.4576164400231038,-0.4466350848761741,-0.5020939391294387,-0.1546170043140791,0.1977608463665232,0.1012042041757382,0.047118092149641,-0.335890417041936,1.6989251143606086,No
-0.8856705565010795,-1.197941958136927,0.0102057544700344,0.1178376050780487,0.0791828210601423,0.2099731799916985,0.2263924570822875,0.2447712032934213,-0.3769391871636178,-0.3738794634546678,-0.3537889129405915,-0.3113790216067877,-0.3289413865396824,-0.3220368783738931,-0.3405306138478901,-0.2702467524211119,-0.3693356287457428,-0.3127476819747826,-0.2993255146377939,-0.2698863126644256,No
1.1735372474539765,0.8347649844031078,-1.6907533238690349,-1.4890388278044342,-1.483636015653194,-1.4653447454739814,-1.4800833500706336,-1.4016718681869913,-0.4954360249036192,-0.5654309184039019,-0.5517116092513487,-0.4429881646250472,-0.5829461494041465,-0.6309346944170566,0.1690886365282508,0.2033180611146434,0.7751942149722553,-0.0741700020922943,-0.3151336491358253,-0.3147144558337378,No
-0.8856705565010795,-1.197941958136927,-1.6907533238690349,-1.4890388278044342,-1.483636015653194,-1.4653447454739814,-1.4800833500706336,-1.4016718681869913,-0.6491578937427196,-0.6328871108448246,-0.6296291547681107,-0.5848129214543463,-0.6149567057512499,-0.6387493493782925,-0.2070421383156167,-0.1841850213218452,-0.2467424578247918,-0.1857950338808887,-0.3470248422101146,-0.3147144558337378,No
0.539934846237036,0.8347649844031078,-1.6907533238690349,-1.4890388278044342,-1.483636015653194,-1.4653447454739814,-1.4800833500706336,-1.4016718681869913,-0.6826863382669707,-0.675804850586252,-0.6641424704488788,-0.6120142600044516,-0.6419094610954847,-0.6387493493782925,-0.4471023041614635,-0.3674229130166189,-0.4436543332507104,-0.3693932204943678,-0.3470248422101146,-0.3147144558337378,No
0.3815342459328009,0.8347649844031078,0.0102057544700344,0.1178376050780487,0.0791828210601423,0.2099731799916985,0.2263924570822875,0.2447712032934213,0.2542466444691929,0.2991251320525328,0.3852664770207514,0.4724275487144966,0.5810302188909194,0.6214816566225685,-0.1967136044526272,-0.1271109239087189,-0.1603278937889571,-0.1278166591608426,-0.1614510894071376,-0.0971021103516398,No
-1.0440711568053147,-1.197941958136927,1.7111648328091036,0.1178376050780487,0.0791828210601423,0.2099731799916985,0.2263924570822875,1.891214274773834,-0.331339946352743,-0.3060584912709281,-0.2542136331089369,-0.1895019130475659,-0.1427510871215768,-0.1440850587178185,-0.3297326011729465,-0.2322474191434252,-0.3339198238130236,-0.1611375641723633,-0.3470248422101146,-0.184147048544479,No
0.6191351463891535,-1.197941958136927,0.860685293639569,1.7247140379605317,-0.7022265972965258,-0.6276857827411415,0.2263924570822875,-0.578450332446785,-0.5175611826133178,-0.5919195397284572,-0.5615049290030283,0.0205377561234972,-0.4686132267340346,-0.609932809208735,-0.4471023041614635,0.1536035183679466,4.119753861110768,-0.3693932204943678,-0.2294260677486725,1.655547720161177,No
-0.4896690557404919,0.8347649844031078,1.7111648328091036,0.1178376050780487,0.0791828210601423,0.2099731799916985,0.2263924570822875,0.2447712032934213,0.3032251519824289,0.3298367803997,0.3732541271138574,0.4436394654156351,0.518023993897946,0.2263363232162819,-0.1754305649773761,-0.2103189501373293,-0.2257109182801309,-0.1922093080956064,-0.2123120438790646,-0.2016285736315408,No
-0.4104687555883743,-1.197941958136927,0.860685293639569,-1.4890388278044342,-0.7022265972965258,0.2099731799916985,-0.6268454464941731,-0.578450332446785,-0.6826863382669707,-0.675804850586252,-0.6335790284443923,-0.5817905505043346,-0.63831576038292,-0.6351114927584068,-0.4471023041614635,-0.212271485048831,-0.4436543332507104,-0.3513999317881466,-0.3321789419858765,-0.3099269842331316,No
-1.2024717571095496,0.8347649844031078,0.860685293639569,1.7247140379605317,0.0791828210601423,0.2099731799916985,0.2263924570822875,0.2447712032934213,-0.5401452530850656,-0.5557361952390355,-0.5084405212246678,-0.4601401197663636,-0.4771482659263756,-0.4705995322813542,-0.4471023041614635,-0.2077656352530578,-0.4011553673314474,-0.3420700783849208,-0.3143088769011454,-0.2213587596219177,No
0.3815342459328009,0.8347649844031078,0.0102057544700344,0.1178376050780487,0.0791828210601423,0.2099731799916985,0.2263924570822875,0.2447712032934213,-0.1660896326730768,-0.1741765842524852,-0.1577302019602144,-0.1234328840803101,-0.1371775235164419,-0.1669732399512659,-0.2906093668434408,-0.2172279198241814,-0.1773274801566623,-0.2576015841807158,-0.2756820439103035,-0.1696395588456724,No
-0.2520681552841393,0.8347649844031078,0.0102057544700344,0.1178376050780487,0.0791828210601423,0.2099731799916985,0.2263924570822875,-0.578450332446785,-0.1492628313979446,-0.2873424844663959,-0.3018636073085743,-0.3004682624772455,-0.4455536471617449,-0.6230863555982291,-0.2123628981844295,-0.2519980607482307,-0.3346826257654207,-0.2027886954367642,-0.2831049940224225,2.1344399551187805,No
0.6191351463891535,-1.197941958136927,0.860685293639569,-0.6856006113631927,-0.7022265972965258,0.2099731799916985,0.2263924570822875,-0.578450332446785,-0.6813652257701628,-0.6390182165221714,-0.6153090134997937,-0.5642003515752665,-0.635919959907877,-0.6094949190600452,-0.2419400633375358,-0.1195260767525008,-0.4436543332507104,-0.3394044059839992,-0.2276390612401994,-0.2476898534252516,No
1.569538748214564,0.8347649844031078,-0.8402737846995002,-0.6856006113631927,1.6420016577734786,0.2099731799916985,-0.6268454464941731,-0.578450332446785,-0.6772628238063908,-0.6593897621594883,-0.6526035136417638,-0.6061206366519287,-0.6354208348089097,-0.6321809971479434,-0.3555539358304203,-0.3674229130166189,-0.4436543332507104,-0.3369053381081351,-0.320219744583018,-0.286424850921065,No
-1.123271456957432,-1.197941958136927,-1.6907533238690349,-1.4890388278044342,-1.483636015653194,-1.4653447454739814,-0.6268454464941731,-0.578450332446785,-0.6826863382669707,-0.675804850586252,-0.6641424704488788,-0.6120142600044516,-0.425505455686558,-0.4044444359715813,-0.4471023041614635,-0.3674229130166189,-0.4436543332507104,0.7141193082177569,-0.2699086382675442,-0.3147144558337378,No
-0.8856705565010795,0.8347649844031078,2.561644371978638,1.7247140379605317,1.6420016577734786,0.2099731799916985,0.2263924570822875,0.2447712032934213,-0.0079177006868339,0.0390932953844668,-0.2274965100401554,-0.1625574760282116,-0.1444813874646635,-0.219671635153221,-0.1533650608155349,-0.3673478155200227,-0.3270546062414504,-0.283591890089702,-0.2877099723327186,-0.2672749645186404,Yes
1.0943369473018587,-1.197941958136927,0.860685293639569,-1.4890388278044342,-1.483636015653194,-1.4653447454739814,-1.4800833500706336,-1.4016718681869913,-0.6826863382669707,-0.675804850586252,-0.6641424704488788,-0.6120142600044516,-0.6419094610954847,-0.6387493493782925,-0.4471023041614635,-0.3674229130166189,-0.4436543332507104,-0.3693932204943678,-0.3470248422101146,-0.3147144558337378,No
-0.0936675549799042,0.8347649844031078,1.7111648328091036,0.1178376050780487,0.0791828210601423,0.2099731799916985,0.2263924570822875,0.2447712032934213,-0.0398747166622503,-0.1848534067249358,-0.1991225111221472,-0.2112780957424002,-0.2918231166798135,-0.3601838470963055,-0.3219079543070454,-0.2384054138643151,-0.3293430120986415,-0.2444398267011651,-0.2095628030967983,0.0479727866364254,No
-0.8856705565010795,-1.197941958136927,0.0102057544700344,0.1178376050780487,-1.483636015653194,-1.4653447454739814,-1.4800833500706336,-1.4016718681869913,-0.2599303392884423,-0.675804850586252,-0.6641424704488788,-0.6120142600044516,-0.6419094610954847,-0.6387493493782925,-0.4079790698319578,-0.3674229130166189,-0.4436543332507104,-0.3693932204943678,-0.3470248422101146,-0.3147144558337378,No
0.8567360468455061,-1.197941958136927,0.0102057544700344,0.1178376050780487,0.0791828210601423,0.2099731799916985,0.2263924570822875,0.2447712032934213,-0.1584828059809302,-0.2072452709378544,-0.2124366920534336,-0.194957292612337,-0.2036110741889908,-0.2237473819217966,-0.0558699608664067,-0.2172279198241814,-0.1167392107948412,-0.0361841703791607,-0.1408317835401401,-0.1696395588456724,No
-0.8856705565010795,-1.197941958136927,1.7111648328091036,1.7247140379605317,1.6420016577734786,2.7229500681902183,1.9328682642352089,1.891214274773834,-0.0429341350759107,-0.0307620253649828,0.0600454174725276,0.1262149563906563,0.1786189266001751,0.2225974150236216,-0.3688558355024522,-0.0644045142508763,-0.3346826257654207,-0.2527700529540453,-0.1545779874514718,-0.3147144558337378,No
-0.4104687555883743,-1.197941958136927,0.0102057544700344,0.1178376050780487,0.0791828210601423,0.2099731799916985,0.2263924570822875,0.2447712032934213,0.1768294521562498,0.2010555011952013,0.2554532129407085,0.303839697122844,0.3608661377364389,0.3742084580431166,-0.2671354262457374,-0.2022084205049377,-0.193019406034544,-0.1861282429310039,-0.1889434972298009,-0.1478783242974627,No
-0.964870856653197,0.8347649844031078,-1.6907533238690349,-1.4890388278044342,-1.483636015653194,-1.4653447454739814,-1.4800833500706336,-1.4016718681869913,-0.1919973440578465,-0.1607077937484741,-0.1115152005942823,-0.0349831982282177,0.002361216651519,-0.011303292091991,-0.2906093668434408,-0.2472669184626689,-0.2909849710638195,-0.2355264846105833,-0.2233090070081299,-0.1877013835206866,No
-0.8856705565010795,-1.197941958136927,0.0102057544700344,0.1178376050780487,0.0791828210601423,0.2099731799916985,0.2263924570822875,0.2447712032934213,-0.0266635916941713,-0.0027301051285095,0.0552671058716326,0.1557132968627705,-0.1296573720253344,-0.3714005716742863,-0.3062586605752431,-0.2172279198241814,-0.1167392107948412,-0.2027886954367642,-0.2095628030967983,-0.1696395588456724,No
-0.648069656044727,0.8347649844031078,1.7111648328091036,0.1178376050780487,0.0791828210601423,0.2099731799916985,0.2263924570822875,0.2447712032934213,0.4193022678861716,0.3800080250271417,0.2039865068741023,0.2778624188074934,0.3569230494545972,0.3256868611825118,-0.1928795274883356,-0.1421304232279627,0.1012042041757382,-0.1611375641723633,-0.1889434972298009,-0.1551320691468659,No
0.9359363469976236,-1.197941958136927,0.0102057544700344,0.1178376050780487,0.0791828210601423,0.2099731799916985,0.2263924570822875,0.2447712032934213,1.9109078090189664,1.868225195779728,2.0049365873117484,1.9631969079530176,2.2513690000883213,2.3492277640651267,0.1809038532957615,0.237862909548904,0.2428674239066149,0.1637412596899635,0.0928536829524975,0.1739703346705602,No
-0.648069656044727,-1.197941958136927,-0.8402737846995002,-0.6856006113631927,-0.7022265972965258,-0.6276857827411415,-0.6268454464941731,-0.578450332446785,-0.671839309345811,-0.675804850586252,-0.6583729920453213,-0.6061206366519287,-0.6354208348089097,-0.6321809971479434,-0.4471023041614635,-0.3381348893440936,-0.4011553673314474,-0.3369053381081351,-0.320219744583018,-0.286424850921065,No
-0.964870856653197,0.8347649844031078,0.0102057544700344,0.1178376050780487,0.0791828210601423,1.8852911054573784,1.9328682642352089,1.891214274773834,-0.3473462672351208,-0.3192045920024474,-0.2384289319381784,-0.1721535037944987,-0.1478920756409401,-0.1258115659744112,-0.2906093668434408,-0.0587722020061599,-0.3237854550168917,-0.2694305054598057,-0.2508014148307932,-0.3147144558337378,No
-1.123271456957432,0.8347649844031078,2.561644371978638,1.7247140379605317,0.0791828210601423,0.2099731799916985,0.2263924570822875,0.2447712032934213,-0.3957824233022989,-0.3950647485182688,-0.3726654627942821,-0.4445144619548031,-0.4602612000779816,-0.4537407615567915,-0.4471023041614635,-0.2797090369922354,-0.4018091975763592,-0.3369053381081351,-0.3035868378503067,-0.2700313875614137,No
0.539934846237036,0.8347649844031078,-0.8402737846995002,-0.6856006113631927,-0.7022265972965258,-0.6276857827411415,-0.6268454464941731,-0.578450332446785,-0.5403260369004181,-0.6365910282334277,-0.6441711990519491,-0.6064077618921798,-0.592329701264732,-0.6387493493782925,-0.2284034242595268,-0.2660412926117236,-0.4032258297736679,-0.1211524781585385,-0.3470248422101146,-0.1541890823164435,No
2.6783429503442093,-1.197941958136927,0.0102057544700344,0.1178376050780487,0.0791828210601423,-0.6276857827411415,0.2263924570822875,0.2447712032934213,0.1429672528959631,0.0211629680260019,0.0683593837873976,0.0312671729960387,0.1611495481363193,0.2282899869565909,0.3373967906137843,0.1763580598366009,5.014847466394938,1.7131633427256767,0.0019912750985954,-0.1600646156444601,No
-0.8856705565010795,-1.197941958136927,-0.8402737846995002,0.1178376050780487,0.0791828210601423,0.2099731799916985,0.2263924570822875,-1.4016718681869913,-0.3492931698619956,-0.337247159281779,-0.289481419042478,-0.2225062038216936,-0.6419094610954847,-0.6387493493782925,-0.3062586605752431,-0.2247376694838033,-0.3019911135198337,-0.3693932204943678,-0.3470248422101146,-0.3147144558337378,No
2.2031411494315045,0.8347649844031078,0.0102057544700344,0.1178376050780487,0.0791828210601423,0.2099731799916985,0.2263924570822875,0.2447712032934213,1.6766954230059274,1.6699954655389215,1.6809285975817088,1.7601993630954818,1.9862004725102884,1.9201459441353697,0.1844249443854171,0.3100316037778702,0.3205642513436265,0.1315032840913172,0.0672857436774207,0.1212356096153984,No
2.4407420498878567,0.8347649844031078,0.0102057544700344,0.1178376050780487,0.0791828210601423,0.2099731799916985,0.2263924570822875,0.2447712032934213,1.6154097096013758,1.5379031086688535,1.7427951583090864,0.4446519596838891,-0.1549131020330803,-0.1353609396016111,0.0536750952562091,0.200764746230372,-0.1167392107948412,-0.2894230484667181,-0.2782938226534565,-0.0971021103516398,No
0.3023339457806834,-1.197941958136927,0.0102057544700344,0.1178376050780487,0.0791828210601423,0.2099731799916985,0.2263924570822875,0.2447712032934213,1.4429975755442772,1.514332725286834,1.6773633557989975,1.835108827091522,2.1107155471993333,2.2042019152047767,0.0223765077926045,0.0080645699644747,0.1012042041757382,0.047118092149641,-0.0090744190500264,0.4106600291065887,No
-0.964870856653197,0.8347649844031078,0.0102057544700344,0.1178376050780487,0.0791828210601423,0.2099731799916985,0.2263924570822875,0.2447712032934213,-0.197754613254462,-0.1924857213438754,-0.1665767355123359,-0.0893556516189282,-0.0635565714187636,-0.0379472234468945,-0.3219079543070454,-0.2472669184626689,-0.2801967720227758,-0.2444398267011651,-0.2439283128751274,-0.2059082830926888,No
-0.806470256348962,-1.197941958136927,0.860685293639569,1.7247140379605317,1.6420016577734786,0.2099731799916985,0.2263924570822875,1.891214274773834,-0.2752969635934184,-0.2504015205111236,-0.2052766214192752,-0.1255183200358182,-0.0726905607298654,-0.0492481576688542,-0.3062586605752431,-0.2547766681222908,-0.2257109182801309,-0.144477111666603,-0.2439283128751274,-0.3147144558337378,No
-0.648069656044727,0.8347649844031078,0.860685293639569,1.7247140379605317,2.423411076130147,1.8852911054573784,0.2263924570822875,0.2447712032934213,-0.5551920291013408,-0.528181294666246,-0.5131744522224585,-0.4624371216883725,-0.4734880152006154,-0.4360735782500318,-0.3179956308740948,-0.3674229130166189,-0.4436543332507104,-0.3378216629959519,-0.2033082803171424,-0.3146419183852437,No
-0.8856705565010795,-1.197941958136927,1.7111648328091036,1.7247140379605317,1.6420016577734786,-0.6276857827411415,1.9328682642352089,1.891214274773834,-0.6244600432760793,-0.6035223415480586,-0.6097170575086533,-0.6030075945734167,-0.6344891346241707,-0.5932929835585172,-0.2671354262457374,-0.3674229130166189,-0.3673741380110076,-0.3693932204943678,-0.1889434972298009,-0.3147144558337378,No
0.2231336456285658,0.8347649844031078,0.0102057544700344,0.1178376050780487,0.0791828210601423,0.2099731799916985,0.2263924570822875,0.2447712032934213,1.3123882221756478,1.3858039859042857,1.583069367736753,1.7082296946100306,1.964588355725004,2.0620391942397074,0.0063359817175072,0.1888993417681694,0.1714909555037501,0.1098446958338288,0.0907917523657978,0.1107176795837637,No
2.5199423500399742,-1.197941958136927,0.0102057544700344,0.1178376050780487,0.0791828210601423,1.8852911054573784,1.9328682642352089,0.2447712032934213,5.186793981893177,5.375919142727491,6.428351298716152,6.748456385687543,7.196767030669625,7.276300349409185,0.810944418938121,3.814981964916591,1.408864693999215,-0.3693932204943678,0.8901335098097323,1.4406917977218523,No
0.7775357466933885,0.8347649844031078,0.860685293639569,-0.6856006113631927,-0.7022265972965258,-1.4653447454739814,-1.4800833500706336,-0.578450332446785,-0.6826863382669707,-0.673489902218375,-0.6563610713712602,-0.6051837016574252,-0.6353043722858173,-0.6305810139123454,-0.4341916368327266,-0.3279216298070078,-0.3943991214673594,-0.3363222222704335,-0.3136902977251354,-0.2814197669749768,No
-0.7272699561968445,-1.197941958136927,0.0102057544700344,0.1178376050780487,0.0791828210601423,0.2099731799916985,0.2263924570822875,-0.578450332446785,0.0255273051534081,-0.1162467550951288,-0.1904978805855472,-0.3455922607609202,-0.4800265539970871,-0.5309610050853834,-0.2827847199775397,-0.2760292596590207,-0.3891684795080655,-0.3693932204943678,0.0928536829524975,0.018232432753872,No
-0.8856705565010795,0.8347649844031078,0.0102057544700344,0.1178376050780487,0.0791828210601423,-0.6276857827411415,0.2263924570822875,0.2447712032934213,-0.354674964980571,-0.3309476937231321,-0.3658308499162217,-0.4498338348268237,-0.4661176012391981,-0.4575807213222264,-0.3062586605752431,-0.2341248565583306,0.725830031481419,-0.3374051516833079,-0.2949954604057244,-0.2783731941382274,No
-1.0440711568053147,-1.197941958136927,0.0102057544700344,0.1178376050780487,0.0791828210601423,0.2099731799916985,0.2263924570822875,0.2447712032934213,-0.363018833381463,-0.3629641311503754,-0.3334773902531956,-0.261101880853343,-0.236969268303306,-0.2018191906297079,-0.2514861325139351,-0.2172279198241814,-0.2801967720227758,-0.0361841703791607,-0.2095628030967983,-0.3147144558337378,No
0.3023339457806834,-1.197941958136927,1.7111648328091036,1.7247140379605317,1.6420016577734786,1.8852911054573784,1.9328682642352089,1.891214274773834,1.2389065544584588,1.2992529769259054,1.443344435630086,1.5655737857694785,1.8058665742533992,1.87964110538155,0.0458504483903079,0.045613318262584,0.1556900579183831,0.0887692234140419,-0.0033697444268238,0.0479727866364254,No
1.2527375476060938,0.8347649844031078,0.0102057544700344,0.1178376050780487,0.0791828210601423,0.2099731799916985,0.2263924570822875,0.2447712032934213,0.6773224917364221,0.7225923234927096,0.8441027389816188,0.9336866912505324,1.089888257288092,1.1441203910128117,-0.0934282658227322,0.0118194447942856,-0.0524459033785202,-0.0611748491378012,-0.0892835188726465,-0.0601080116196831,No
0.6191351463891535,0.8347649844031078,-1.6907533238690349,-1.4890388278044342,-1.483636015653194,-1.4653447454739814,-1.4800833500706336,-1.4016718681869913,-0.6814069451121673,-0.6745140914962842,-0.6627814652870139,-0.6120142600044516,-0.640378810791985,-0.6387493493782925,-0.4399036290448345,-0.3605139433297668,-0.4436543332507104,-0.361729412341718,-0.3470248422101146,-0.1781264403194743,No
-0.806470256348962,0.8347649844031078,0.0102057544700344,0.1178376050780487,0.0791828210601423,0.2099731799916985,0.2263924570822875,0.2447712032934213,-0.3044448772072011,-0.2779423910938048,-0.2360619664392831,-0.164491793436219,-0.1362790983383007,-0.2487071203971234,-0.2984340137093419,-0.2622864177819127,-0.3346826257654207,-0.2777607317126858,-0.2782938226534565,-0.2842487274662441,No
-0.648069656044727,-1.197941958136927,0.0102057544700344,0.1178376050780487,0.0791828210601423,0.2099731799916985,0.2263924570822875,0.2447712032934213,-0.5172830536666214,-0.5034183621250171,-0.4805990895439109,-0.3950080257936115,-0.3980535752433559,-0.5692090253805704,-0.346633838403293,-0.2887958340803779,-0.2257109182801309,-0.3394877082465279,-0.3349969137876994,-0.2421770073397051,No
-0.4104687555883743,0.8347649844031078,0.860685293639569,-1.4890388278044342,-1.483636015653194,-1.4653447454739814,-1.4800833500706336,-1.4016718681869913,-0.6826863382669707,-0.675804850586252,-0.6641424704488788,-0.6120142600044516,-0.6419094610954847,-0.6387493493782925,-0.4471023041614635,-0.3674229130166189,-0.4436543332507104,-0.3693932204943678,-0.3470248422101146,-0.3147144558337378,No
0.3023339457806834,-1.197941958136927,-1.6907533238690349,-1.4890388278044342,-1.483636015653194,-1.4653447454739814,-1.4800833500706336,-1.4016718681869913,-0.6826863382669707,-0.675804850586252,-0.6641424704488788,-0.6120142600044516,-0.6419094610954847,-0.6387493493782925,-0.4471023041614635,-0.3674229130166189,-0.4436543332507104,-0.3693932204943678,-0.3470248422101146,-0.3147144558337378,No
-0.8856705565010795,-1.197941958136927,0.0102057544700344,0.1178376050780487,-0.7022265972965258,-0.6276857827411415,0.2263924570822875,0.2447712032934213,-0.4749657344267641,-0.5050458409775851,-0.6072317437348133,-0.4440157707480512,-0.5341150772218447,-0.5345483359188817,-0.2102502435306361,-0.077696771148407,0.7701815164279319,-0.1187367125452032,-0.1397320872272336,-0.0965218107636875,No
-1.2024717571095496,0.8347649844031078,0.0102057544700344,0.1178376050780487,0.0791828210601423,0.2099731799916985,-1.4800833500706336,-1.4016718681869913,-0.5699189568289151,-0.5386196073068547,-0.5419626701027734,-0.6120142600044516,-0.6419094610954847,-0.6387493493782925,-0.2906093668434408,-0.2896219065429363,-0.4436543332507104,-0.3693932204943678,-0.3470248422101146,-0.3147144558337378,No
-0.8856705565010795,0.8347649844031078,0.860685293639569,1.7247140379605317,0.0791828210601423,0.2099731799916985,0.2263924570822875,1.891214274773834,-0.0799391914338668,-0.0674644794884133,-0.3177222761511733,-0.2800219230004163,-0.2895437787278627,-0.3236200196806952,-0.3453818949047488,-0.2622864177819127,-0.3434003623642438,-0.2277793741954047,-0.3470248422101146,-0.2494307521891084,No
0.3023339457806834,-1.197941958136927,-0.8402737846995002,-0.6856006113631927,-0.7022265972965258,0.2099731799916985,0.2263924570822875,0.2447712032934213,-0.6140580206696339,-0.678610848607921,-0.4945641859873936,-0.4344348548365141,-0.4460527722607122,-0.5491839720424033,-0.4471023041614635,0.5084391897850801,0.5766477639340574,-0.1001603080012804,-0.1408317835401401,-0.2421770073397051,No
-0.8856705565010795,0.8347649844031078,0.0102057544700344,0.1178376050780487,0.0791828210601423,0.2099731799916985,0.2263924570822875,0.2447712032934213,-0.0610959552951857,-0.0829816485482428,-0.0968548080354991,-0.1209394280465504,-0.2513107961469668,-0.2329599169730812,-0.3088407940409904,-0.265140122652569,-0.3344646823504501,-0.2994193199701743,-0.2786374777512398,-0.2491406023951322,No
2.2031411494315045,0.8347649844031078,-1.6907533238690349,-1.4890388278044342,-1.483636015653194,-1.4653447454739814,-1.4800833500706336,-1.4016718681869913,-0.6826863382669707,-0.675804850586252,-0.6641424704488788,-0.6120142600044516,-0.6419094610954847,-0.6387493493782925,-0.4471023041614635,-0.3674229130166189,-0.4436543332507104,-0.3693932204943678,10.787400325968507,-0.3147144558337378,No
0.3023339457806834,0.8347649844031078,-0.8402737846995002,-0.6856006113631927,-0.7022265972965258,-0.6276857827411415,-0.6268454464941731,-0.578450332446785,-0.6772628238063908,-0.6703331544439974,-0.6583729920453213,-0.6035365094896687,-0.6354208348089097,-0.6321809971479434,-0.4165861813844491,-0.3381348893440936,-0.3825212053514629,-0.3369053381081351,-0.320219744583018,-0.286424850921065,No
0.8567360468455061,0.8347649844031078,0.0102057544700344,0.1178376050780487,0.0791828210601423,-1.4653447454739814,-1.4800833500706336,-1.4016718681869913,-0.4219265442917606,-0.5957497270280354,-0.6641424704488788,-0.6120142600044516,-0.6419094610954847,-0.6387493493782925,-0.3688558355024522,-0.3674229130166189,-0.4436543332507104,-0.3693932204943678,-0.3470248422101146,-0.3147144558337378,No
1.569538748214564,0.8347649844031078,0.0102057544700344,0.1178376050780487,0.0791828210601423,0.2099731799916985,0.2263924570822875,-0.578450332446785,-0.3571224997114993,-0.2858272455346947,-0.2144190256587585,-0.1118118677775151,2.352841132708376,-0.6354483313343222,-0.071832240472845,-0.1120914245894752,-0.1058420400463122,11.867709144986613,-0.3335535623770096,-0.099785995945919,No
1.4903384480624464,-1.197941958136927,-0.8402737846995002,-0.6856006113631927,-0.7022265972965258,-0.6276857827411415,-0.6268454464941731,-1.4016718681869913,-0.6372817877187833,-0.6381202971552373,-0.6365673223867477,-0.6034156146516683,-0.6419094610954847,-0.6387493493782925,-0.236932289343359,-0.2274411793612672,-0.3816494316915805,-0.3693932204943678,-0.3470248422101146,-0.3147144558337378,No
-0.7272699561968445,-1.197941958136927,0.860685293639569,1.7247140379605317,1.6420016577734786,1.8852911054573784,1.9328682642352089,0.2447712032934213,-0.1675637160905677,-0.1683260783773054,-0.0967364597605544,-0.0162596101928952,0.0012797789370898,0.02418265188069,-0.4471023041614635,-0.1346206735683408,-0.2257109182801309,-0.3693932204943678,-0.2439283128751274,-0.2059082830926888,No
2.6783429503442093,0.8347649844031078,-1.6907533238690349,-1.4890388278044342,-1.483636015653194,-1.4653447454739814,-1.4800833500706336,-1.4016718681869913,-0.4927937999100034,-0.5586404031914629,-0.629525600027534,-0.5766525198893147,-0.451659610872445,-0.6355662248358925,0.2063339556099402,-0.1916947709814671,-0.1886605377351324,0.5831681515224805,-0.3340346795139062,0.0763349289975922,No
-0.8856705565010795,-1.197941958136927,0.0102057544700344,0.1178376050780487,0.0791828210601423,0.2099731799916985,0.2263924570822875,-0.578450332446785,-0.6112489183080002,-0.5921861095405159,-0.5713870099609165,-0.5213431315041006,-0.5452455669288157,-0.6321809971479434,-0.3453818949047488,-0.2923254164204001,-0.4305777283524756,-0.3527327679886075,-0.320219744583018,-0.2298456410957196,No
0.3023339457806834,0.8347649844031078,1.7111648328091036,1.7247140379605317,1.6420016577734786,1.8852911054573784,1.9328682642352089,1.891214274773834,2.0907598924001936,2.1715395519320384,2.204856410762199,2.3527200759905256,2.6882864742210058,2.5597855578698065,0.1956141894036557,0.1582595631569122,0.2973532776492598,0.224885120386104,-0.3470248422101146,0.1811515420714694,Yes
1.0943369473018587,0.8347649844031078,0.0102057544700344,0.1178376050780487,0.0791828210601423,0.2099731799916985,0.2263924570822875,0.2447712032934213,3.22256392163919,3.1866935162114483,3.3589887880235807,2.310663784221113,2.478653932654735,2.5792211437001216,0.4136088510876613,0.5337470461380058,0.3409419606433757,0.1720714859428437,0.0772517415131361,0.0842415108834418,No
0.8567360468455061,0.8347649844031078,0.0102057544700344,0.1178376050780487,0.0791828210601423,0.2099731799916985,0.2263924570822875,0.2447712032934213,1.2337194496025707,1.0606729951334988,0.8799622662898836,0.9996801609440376,1.176469824455621,1.0648285902423402,-0.0558699608664067,0.0080645699644747,-0.01288917356136,0.0054669608852401,-0.072100763983482,-0.0318184067070104,No
0.7775357466933885,-1.197941958136927,0.0102057544700344,0.1178376050780487,0.0791828210601423,-0.6276857827411415,0.2263924570822875,0.2447712032934213,2.8730670872204933,3.0103786305198765,-0.1221369582705753,1.2374954191457084,1.4777417341922896,1.5687896255980778,0.6483482570646955,0.0097167148895915,13.722667639836956,0.2137226172072446,0.0653612751298343,0.1205102351304581,No
-0.8856705565010795,0.8347649844031078,0.0102057544700344,0.1178376050780487,0.0791828210601423,0.2099731799916985,0.2263924570822875,0.2447712032934213,-0.5322046716568833,-0.5091706580694385,-0.4621219651181589,-0.386107143345827,-0.3662759439424372,-0.3553670554607161,-0.3515633659288106,-0.2172279198241814,-0.2801967720227758,-0.2027886954367642,-0.2095628030967983,-0.0245646618576071,No
0.3815342459328009,0.8347649844031078,0.0102057544700344,0.1178376050780487,0.0791828210601423,0.2099731799916985,0.2263924570822875,0.2447712032934213,0.7733326041360195,0.8132541195728349,0.9398169063432004,0.7653255174801306,0.734561099333264,0.60965862260794,-0.1339599365881001,0.0080645699644747,-0.0622533570521963,-0.1194864329079624,-0.1614510894071376,0.0479727866364254,No
1.4903384480624464,0.8347649844031078,0.0102057544700344,0.1178376050780487,0.0791828210601423,0.2099731799916985,0.2263924570822875,0.2447712032934213,0.2580570110389336,0.2860491812715553,0.2704982373930621,0.2642768613871908,0.2556505668741299,0.0343383349445376,-0.209311285906728,-0.2136983374841591,-0.2529538451514533,-0.2275294674078183,-0.2287387575531059,-0.2578450962144162,No
3.707946852321738,0.8347649844031078,0.0102057544700344,0.1178376050780487,0.0791828210601423,-0.6276857827411415,-0.6268454464941731,-1.4016718681869913,-0.1563273066440331,0.2808580849314677,-0.6462866744665868,-0.5722398583022976,-0.4979285075467147,-0.6387493493782925,2.540895594520203,-0.2767802346249829,-0.1568407991494278,0.3515045594298827,-0.3470248422101146,0.0465945751150388,No
-0.806470256348962,0.8347649844031078,0.0102057544700344,0.1178376050780487,0.0791828210601423,0.2099731799916985,0.2263924570822875,0.2447712032934213,-0.388592790030197,-0.3418489960373162,-0.2956651164083421,-0.2185922334414285,-0.1984368106630297,-0.1712847737229823,-0.2123628981844295,-0.2547766681222908,-0.2801967720227758,-0.286090957965566,-0.2439283128751274,-0.2059082830926888,No
2.282341449583622,0.8347649844031078,-1.6907533238690349,-1.4890388278044342,-1.483636015653194,-1.4653447454739814,-1.4800833500706336,-1.4016718681869913,-0.6271161747170299,-0.5478513407981457,-0.5379832093577556,-0.6120142600044516,-0.5359618400880237,-0.5882235629909913,0.26650549000872,0.2730085379559344,-0.4436543332507104,0.1610755872890419,-0.1408317835401401,-0.07983819761006,No
3.5495462520175023,0.8347649844031078,0.0102057544700344,0.1178376050780487,0.0791828210601423,0.2099731799916985,0.2263924570822875,0.2447712032934213,1.3026537090412738,1.1004760770708737,0.3401461971980584,0.2704727218347147,1.1100362737830725,1.1459056354651629,0.0646296008684707,-0.2097181701645595,-0.2093651621573375,3.7957199059457207,-0.0239890502938213,-0.1696395588456724,No
0.1439333454764483,-1.197941958136927,-0.8402737846995002,-0.6856006113631927,-0.7022265972965258,-0.6276857827411415,-0.6268454464941731,-0.578450332446785,-0.6207609282850172,-0.62936558332763,-0.5572443911050167,-0.5355482749691556,-0.5947920517529707,-0.6069181039542928,-0.1881064929001359,0.17538179238085,0.1077425066248556,-0.1334812130128012,-0.2171232152480307,-0.1278579885131096,No
-0.1728678551320218,0.8347649844031078,0.0102057544700344,-0.6856006113631927,-0.7022265972965258,-0.6276857827411415,-0.6268454464941731,-0.578450332446785,-0.6666382980425883,-0.6585058727826626,-0.6513904438235799,-0.5915376968181223,-0.623109082367716,-0.2789889083719126,-0.3506244083049025,-0.2866931041756838,-0.2959976696081428,-0.2752616638368218,1.1211384665396604,-0.2170065127122758,No
1.1735372474539765,0.8347649844031078,0.0102057544700344,0.1178376050780487,0.0791828210601423,0.2099731799916985,0.2263924570822875,0.2447712032934213,-0.3573310964215216,-0.3365316297862534,-0.2923069841067843,-0.2327822650517334,-0.2200489274483142,-0.209044378083092,-0.3355228398537133,-0.2638634652104333,-0.3491758628609642,-0.2945877887435038,-0.2828988009637526,-0.2561767348990534,No
-0.1728678551320218,0.8347649844031078,0.0102057544700344,0.1178376050780487,0.0791828210601423,0.2099731799916985,0.2263924570822875,0.2447712032934213,1.238058261171035,1.259632284859939,1.410709898814066,1.49879449962897,1.7164233565184572,1.755735035231092,0.0693243889880113,0.1207108148588028,0.1121013749242672,0.0721087709082815,0.0653612751298343,0.0479727866364254,No
-0.7272699561968445,0.8347649844031078,0.0102057544700344,0.1178376050780487,0.0791828210601423,0.2099731799916985,0.2263924570822875,0.2447712032934213,0.2562908922274114,0.2641904566827538,0.2818892588564961,0.350595775719525,0.4348364774033942,0.4723126932784597,-0.2123628981844295,-0.0294841783336346,-0.0031906915951693,-0.1611375641723633,-0.1545779874514718,-0.1333708345986561,No
0.7775357466933885,0.8347649844031078,-1.6907533238690349,-1.4890388278044342,-1.483636015653194,-0.6276857827411415,-0.6268454464941731,0.2447712032934213,1.1910127498373386,1.22656359817457,1.1245289764632478,0.9373135363905464,0.0262027588788575,0.0484855551329819,0.0276190211927583,0.3835520529455684,-0.1167392107948412,2.9757757358747248,-0.2462651675400538,-0.1696395588456724,No
-1.2024717571095496,-1.197941958136927,0.0102057544700344,0.1178376050780487,0.0791828210601423,0.2099731799916985,0.2263924570822875,0.2447712032934213,-0.6565839366195135,-0.6311333620812815,-0.5753368836371981,-0.5579742674182424,-0.5808498239884838,-0.5637859243083334,-0.3297326011729465,-0.1476125404794867,-0.3346826257654207,-0.3444025417357272,-0.2782938226534565,-0.2784457315867215,No
-0.1728678551320218,0.8347649844031078,-1.6907533238690349,-1.4890388278044342,-1.483636015653194,-1.4653447454739814,-1.4800833500706336,-1.4016718681869913,-0.6772628238063908,-0.675804850586252,-0.6641424704488788,-0.6120142600044516,-0.6419094610954847,-0.6387493493782925,-0.4471023041614635,-0.3674229130166189,-0.4436543332507104,-0.3693932204943678,-0.3470248422101146,-0.3147144558337378,No
-0.8856705565010795,-1.197941958136927,1.7111648328091036,-0.6856006113631927,-0.7022265972965258,-0.6276857827411415,-0.6268454464941731,1.891214274773834,-0.6772628238063908,-0.6703331544439974,-0.6526035136417638,-0.6087500993784389,-0.6239409575326615,-0.6296547078285782,-0.4165861813844491,-0.3088468656715683,-0.4201164444338878,-0.2974200656694831,-0.3470248422101146,-0.286424850921065,No
1.886339948823034,-1.197941958136927,0.860685293639569,0.9212758215192904,0.8605922394168105,1.8852911054573784,0.2263924570822875,0.2447712032934213,-0.4934056835927354,-0.4644290196139263,-0.4291915576147771,-0.4216200020084645,-0.3324685372390514,-0.4318630960510901,-0.2108762152799082,0.0091159349168217,-0.4433274181282545,0.2170547077083967,-0.2091504169794584,-0.1692768716032023,No
0.7775357466933885,-1.197941958136927,0.0102057544700344,0.1178376050780487,0.0791828210601423,1.8852911054573784,0.2263924570822875,0.2447712032934213,0.6879331110528898,0.7409435505544248,2.621531099773992,1.031007035840909,0.4977595148798732,0.5262742331400974,-0.1341164295254181,0.5262372964783839,-0.4210971898012554,-0.2025387886491778,-0.2093566100381283,-0.1694219465001903,No
-0.8856705565010795,-1.197941958136927,2.561644371978638,1.7247140379605317,1.6420016577734786,0.2099731799916985,0.2263924570822875,-0.578450332446785,-0.4922514484639454,-0.4670385977740785,-0.4534529539784547,-0.4009318728556344,-0.4036770513583876,-0.5947245475061574,-0.3140833074411442,-0.3674229130166189,-0.397232385861977,-0.3276587869674381,-0.1673619570890102,-0.2138874024270324,No
0.6191351463891535,-1.197941958136927,-0.8402737846995002,-0.6856006113631927,-0.7022265972965258,-0.6276857827411415,-0.6268454464941731,-0.578450332446785,-0.6781528364358194,-0.6712310738109315,-0.6593197782448794,-0.5262393724431195,-0.6339900095252033,-0.6332588805908724,-0.4215939553786258,-0.3429411291262516,0.1748690784357941,-0.3297413435306581,-0.3246185298346441,-0.2765597579258766,No
-1.2024717571095496,-1.197941958136927,0.0102057544700344,0.1178376050780487,0.0791828210601423,0.2099731799916985,0.2263924570822875,0.2447712032934213,-0.5689733184101474,-0.5476970109069539,-0.521103786643758,-0.4968014793900056,-0.5079941970425554,-0.5232642436257179,-0.2514861325139351,-0.2814362794139484,-0.3346826257654207,-0.286090957965566,-0.2782938226534565,-0.2059082830926888,No
-0.5688693558926095,-1.197941958136927,-0.8402737846995002,0.1178376050780487,0.0791828210601423,0.2099731799916985,0.2263924570822875,0.2447712032934213,-0.1850441203904365,-0.2667604889774538,-0.2575421783417586,-0.1697507188892394,-0.0496476186608746,0.0088059708901547,0.7387229283658535,0.0444868558136408,0.1298637632443694,0.3468396327282698,0.0274904833541156,0.1594628449717536,No
0.539934846237036,0.8347649844031078,0.0102057544700344,0.1178376050780487,0.0791828210601423,0.2099731799916985,0.2263924570822875,0.2447712032934213,2.030823104387119,0.5692585615986072,0.6997474306177375,0.8208011362675953,0.9915938877981296,1.019456434066544,-0.0558699608664067,0.0080645699644747,0.1012042041757382,0.047118092149641,-0.072100763983482,0.0479727866364254,No
1.0151366471497412,-1.197941958136927,1.7111648328091036,0.1178376050780487,0.0791828210601423,0.2099731799916985,0.2263924570822875,0.2447712032934213,3.2056954010220533,3.280989079729635,3.5151493368132027,3.689726313147202,3.6154945330692794,3.374109657073939,0.570101788405684,0.3985715522648121,0.6749402440857887,0.3639165965466742,0.2234426201101481,0.3051905789962653,No
0.3815342459328009,0.8347649844031078,-1.6907533238690349,-1.4890388278044342,-1.483636015653194,-1.4653447454739814,-1.4800833500706336,-1.4016718681869913,-0.6826863382669707,-0.675804850586252,-0.6641424704488788,-0.6120142600044516,-0.6419094610954847,-0.6387493493782925,-0.4471023041614635,-0.3674229130166189,-0.4436543332507104,-0.3693932204943678,-0.3470248422101146,-0.3147144558337378,No
1.0151366471497412,-1.197941958136927,-0.8402737846995002,-0.6856006113631927,-0.7022265972965258,-0.6276857827411415,0.2263924570822875,-0.578450332446785,-0.6655257822558027,-0.6702489745033473,-0.6582842308391127,-0.6000456710424052,-0.6353210097891162,-0.6316252134976831,-0.416116702572495,-0.3376843043645163,-0.3573487409223609,-0.3693932204943678,-0.3179516209376483,-0.2879481373394397,No
-1.0440711568053147,-1.197941958136927,1.7111648328091036,1.7247140379605317,5.549048749556819,6.073585919121578,6.199057782117512,5.184100417734659,-0.6493108646634026,-0.642132874326224,-0.6286379879654482,-0.5757458086043111,-0.6019794531780999,-0.6084338775459118,-0.4471023041614635,-0.3674229130166189,-0.4436543332507104,-0.3693932204943678,-0.3470248422101146,-0.3147144558337378,No
-0.1728678551320218,0.8347649844031078,-0.8402737846995002,-0.6856006113631927,-1.483636015653194,-0.6276857827411415,0.2263924570822875,0.2447712032934213,-0.6265599168236371,-0.675804850586252,-0.6641424704488788,-0.5671169395420278,-0.6151729932941358,-0.6387493493782925,-0.4471023041614635,-0.3674229130166189,-0.1198993903119146,-0.3693932204943678,-0.3470248422101146,-0.3147144558337378,No
1.569538748214564,0.8347649844031078,1.7111648328091036,1.7247140379605317,1.6420016577734786,1.8852911054573784,1.9328682642352089,1.891214274773834,3.3047371189406416,3.4025729740085526,3.53809410861812,3.835525487775766,4.314668971702687,4.068620274824985,0.397333585606587,-0.3674229130166189,1.1909212790286356,0.1137599021726824,-0.3470248422101146,8.874692206632789,Yes
-0.0144672548277867,0.8347649844031078,-0.8402737846995002,1.7247140379605317,-0.7022265972965258,-0.6276857827411415,-0.6268454464941731,-0.578450332446785,-0.6548734435973307,-0.661774860477907,-0.6327062099166746,-0.5799015686605773,-0.6252719577965744,-0.6029602506872875,-0.4471023041614635,-0.2078407327496541,-0.2120894548444697,-0.286090957965566,-0.200971425652216,1.3717812216525214,No
-1.0440711568053147,0.8347649844031078,0.0102057544700344,0.1178376050780487,1.6420016577734786,0.2099731799916985,0.2263924570822875,0.2447712032934213,-0.3504334985434509,-0.2765253620928619,-0.2869221375967973,-0.2224608682574435,-0.1642800163903668,-0.1247336825314821,-0.0323960202687033,-0.3674229130166189,-0.3346826257654207,-0.0901640364978242,-0.1889434972298009,-0.3147144558337378,No
-0.0936675549799042,0.8347649844031078,0.0102057544700344,0.1178376050780487,0.0791828210601423,0.2099731799916985,0.2263924570822875,0.2447712032934213,1.0890228650837686,0.8681955608371139,0.0984198456233688,0.0587103012221449,-0.0279855893656933,-0.1419629756895518,-0.0949931951959124,-0.2363777814562172,-0.2730046393287467,-0.2687640873595752,-0.2730015341475938,-0.1312672485923292,No
-0.1728678551320218,-1.197941958136927,0.0102057544700344,0.1178376050780487,0.0791828210601423,0.2099731799916985,1.9328682642352089,0.2447712032934213,0.5219874750064826,0.420526636460042,0.3467884941293335,0.3649369258773305,0.3283730937936671,0.2917840585166327,-0.1767607549445793,-0.1338696986023786,0.1012042041757382,-0.3693932204943678,-0.2026897011411325,-0.1259720148522648,No
-0.806470256348962,0.8347649844031078,-0.8402737846995002,-0.6856006113631927,-0.7022265972965258,-0.6276857827411415,-0.6268454464941731,-0.578450332446785,-0.6739113699986993,-0.6366611781839694,-0.6381354370297659,-0.6057277284284273,-0.634988259723138,-0.5774447285617005,-0.2287946566028218,-0.2354015140004663,-0.3983221029368299,-0.3347394792823863,-0.0968439310238789,-0.2617621184330939,No
0.539934846237036,0.8347649844031078,0.0102057544700344,0.1178376050780487,0.0791828210601423,-0.6276857827411415,0.2263924570822875,0.2447712032934213,-0.2607508196811966,-0.3112916775813408,-0.3077366404527085,0.3829502567394002,0.2987417004183078,0.2289805060372174,-0.0558699608664067,0.0080645699644747,6.731042887580766,-0.2027886954367642,-0.2095628030967983,0.4106600291065887,No
2.6783429503442093,0.8347649844031078,3.4121239111481723,2.5281522544017734,1.6420016577734786,0.2099731799916985,0.2263924570822875,0.2447712032934213,6.377978541251856,6.468672982296157,6.731677927399593,7.027134099133372,7.420824287596051,6.428848176263779,0.3353623824286499,-0.3674229130166189,1.0819495715433458,1.0050941112308616,0.7526714706964159,1.0634970655528826,Yes
0.539934846237036,0.8347649844031078,-0.8402737846995002,-0.6856006113631927,-0.7022265972965258,-0.6276857827411415,-0.6268454464941731,-0.578450332446785,-0.5872185773134313,-0.4637976700590508,-0.4693855904928941,-0.6120142600044516,-0.4672156764569262,-0.5209905832382893,0.735280083744857,0.6212356296726006,-0.4436543332507104,0.5052805360580508,0.1335424465300392,-0.3147144558337378,No
-1.0440711568053147,0.8347649844031078,0.860685293639569,-1.4890388278044342,-1.483636015653194,-1.4653447454739814,-0.6268454464941731,-0.578450332446785,-0.6270605489276906,-0.5966055564246445,-0.6122467518855977,-0.6124222800827032,-0.4132436157552611,-0.5392809179104923,-0.0054009885813444,-0.1039808949570836,-0.4407120971486076,0.7777622367897615,0.0592442143892917,-0.095361211587783,No
-0.648069656044727,-1.197941958136927,1.7111648328091036,0.1178376050780487,0.0791828210601423,0.2099731799916985,0.2263924570822875,0.2447712032934213,0.4197889935428903,0.4255634029089378,0.4976529576151771,0.5971759096762296,0.6264506028969447,0.6790473692465002,-0.2045382513185283,-0.1045816749298533,-0.0731505278007253,-0.1194864329079624,-0.1064662737618111,-0.0971021103516398,No
0.1439333454764483,-1.197941958136927,0.860685293639569,-1.4890388278044342,-1.483636015653194,-1.4653447454739814,-1.4800833500706336,-1.4016718681869913,-0.6827141511616402,-0.6758329105664687,-0.664172057517615,-0.6120444837139517,-0.6419427361020825,-0.638783033235884,-0.4471023041614635,-0.3674229130166189,-0.4436543332507104,-0.3693932204943678,-0.3470248422101146,-0.3147144558337378,No
0.2231336456285658,-1.197941958136927,0.0102057544700344,0.1178376050780487,0.0791828210601423,0.2099731799916985,0.2263924570822875,0.2447712032934213,1.786459011819662,1.8584743526544285,1.8938667312760835,1.3546274053134115,1.2796223449088655,1.339587816616484,0.1475708576470227,0.1059166080293477,0.0071616206159332,-0.077668697118504,-0.0702450264554522,-0.0596002494802249,No
0.3815342459328009,0.8347649844031078,0.0102057544700344,0.1178376050780487,0.0791828210601423,0.2099731799916985,0.2263924570822875,0.2447712032934213,1.3090645812626256,1.330427614946648,1.4722657953197138,1.6274114954067178,1.820324564620152,1.5781368960797284,0.060169552154907,0.0142225646853646,0.210175911661028,0.1220901284255626,-0.0347110893446599,0.0262115520882156,No
-0.648069656044727,-1.197941958136927,-0.8402737846995002,-0.6856006113631927,-0.7022265972965258,-0.6276857827411415,1.9328682642352089,-0.578450332446785,-0.5993310929420596,-0.2237164793250514,-0.5412377869187367,-0.5503276689147127,-0.6329584843206709,-0.5699500702475842,0.6207272536280644,0.2569376736843436,0.0011681767042422,-0.3693932204943678,-0.066258627321166,-0.3147144558337378,No
-0.8856705565010795,-1.197941958136927,-0.8402737846995002,-0.6856006113631927,-0.7022265972965258,-0.6276857827411415,-0.6268454464941731,-0.578450332446785,-0.6756218630208821,-0.6663766972334442,-0.660799131681689,-0.6061206366519287,-0.6382492103697245,-0.633359932163647,-0.3688558355024522,-0.3381348893440936,-0.3346826257654207,-0.3510667227380314,-0.3030369896938534,-0.2421770073397051,No
4.26234895338656,0.8347649844031078,0.0102057544700344,0.1178376050780487,0.0791828210601423,0.2099731799916985,-1.4800833500706336,-0.578450332446785,0.697653717739929,0.7600944870523157,0.9577614635317008,-0.6070877953559325,-0.6083682544448815,0.4005155508221047,-0.0558699608664067,0.3835520529455684,-0.408129556610506,-0.2014558592363034,3.894160181572591,0.9753640656326328,No
-1.123271456957432,0.8347649844031078,0.0102057544700344,0.1178376050780487,0.0791828210601423,0.2099731799916985,0.2263924570822875,0.2447712032934213,-0.4026522082857001,-0.3926936801899585,-0.3968676850204872,-0.3299363792398596,-0.3238835855368137,-0.309540167207434,-0.3453818949047488,-0.2697210699449383,-0.3455797965139496,-0.2944211842184462,-0.2851669246091223,-0.1986545382432855,No
-0.0936675549799042,0.8347649844031078,0.0102057544700344,0.1178376050780487,-0.7022265972965258,0.2099731799916985,0.2263924570822875,-1.4016718681869913,-0.620621863811669,-0.6332378605975333,-0.6468340352382064,-0.5943333899468831,-0.6419094610954847,-0.6387493493782925,-0.367838631409885,-0.279558841999043,-0.4436543332507104,-0.3693932204943678,-0.3470248422101146,-0.3147144558337378,No
0.9359363469976236,-1.197941958136927,-0.8402737846995002,-0.6856006113631927,-0.7022265972965258,-0.6276857827411415,-0.6268454464941731,-0.578450332446785,-0.6701983485603022,-0.6632059194689581,-0.6593345717792476,-0.598443814438899,-0.6365022725233388,-6.35831889420717,-0.3768369753056713,-0.3430162266228478,-0.3457977399289202,-0.3423199851725072,-0.3470248422101146,24.73195874701628,No
0.6191351463891535,0.8347649844031078,0.0102057544700344,0.1178376050780487,0.0791828210601423,0.2099731799916985,0.2263924570822875,0.2447712032934213,2.6670708828498046,2.6049399763689234,2.857709875960646,3.0538043534099897,3.321892512353408,3.2973778294804243,0.3353623824286499,0.4586495495417871,0.6460627416021869,0.4636294047936499,0.340285353356467,0.2655851321185234,No
2.4407420498878567,0.8347649844031078,0.0102057544700344,0.1178376050780487,0.0791828210601423,0.2099731799916985,-0.6268454464941731,0.2447712032934213,1.4377409384517152,0.1952330553002382,0.1428596228651293,-0.3949626902293613,0.9792488603503382,0.8890999051873069,-0.2122846517157704,-0.0666574391487629,-0.2234225124229398,7.747662542574606,-0.0033010134072671,0.0480453240849195,No
0.1439333454764483,-1.197941958136927,0.0102057544700344,0.1178376050780487,0.0791828210601423,0.2099731799916985,0.2263924570822875,0.2447712032934213,1.7268420720952884,1.7736911224296994,1.9281729374756984,0.9941945576697664,-0.1745786309323923,2.3712233230723987,0.1866940919765284,0.0305187214467441,-0.0835028400118278,0.0504501826507931,10.69935588991643,0.1930476836244908,No
0.3023339457806834,0.8347649844031078,-0.8402737846995002,-0.6856006113631927,-1.483636015653194,-0.6276857827411415,-0.6268454464941731,-1.4016718681869913,-0.6800441132733549,-0.675804850586252,-0.6641424704488788,-0.6064682093111801,-0.6444050865903213,-0.6412756386976576,-0.4471023041614635,-0.3674229130166189,-0.4036617166036091,-0.3568978811150475,-0.3470248422101146,-0.3147144558337378,No
2.282341449583622,-1.197941958136927,-1.6907533238690349,-1.4890388278044342,-1.483636015653194,-1.4653447454739814,-1.4800833500706336,-1.4016718681869913,-0.6828810285296582,-0.639775835988022,-0.6698675682493319,-0.6178625477927242,-0.648348174872163,-0.6368462114243708,-0.2450699220838962,-0.3674229130166189,-0.4436543332507104,-0.3693932204943678,-0.3126593324317855,-0.1322827728712456,No
0.0647330453243308,0.8347649844031078,-0.8402737846995002,-0.6856006113631927,-0.7022265972965258,-0.6276857827411415,0.2263924570822875,-0.578450332446785,-0.6799189552473415,-0.6730128825546913,-0.6611985571096276,-0.6059997418139282,-0.6385985979390015,-0.6353978055479349,-0.4315312568983203,-0.3524785111939714,-0.4002835936715651,-0.3693932204943678,-0.3333473693183397,-0.2858445513331128,No
-0.7272699561968445,0.8347649844031078,1.7111648328091036,0.1178376050780487,0.0791828210601423,1.8852911054573784,1.9328682642352089,1.891214274773834,-0.1113121366212207,-0.0803019204375489,0.0018624468028058,0.0529980201266228,0.1384726311399045,0.1361814783725409,-0.2900616415628277,-0.0984236802089634,-0.4436543332507104,-0.0694217731281526,-0.3470248422101146,-0.1826962995745983,No
-0.8856705565010795,-1.197941958136927,0.0102057544700344,0.1178376050780487,0.0791828210601423,0.2099731799916985,0.2263924570822875,0.2447712032934213,-0.1962944362843059,-0.5913723701142318,-0.4580685367013006,-0.5046294201505359,-0.5417516912360445,-0.4869867289996356,-0.3589185339827577,-0.28676820167228,-0.4202254161413731,-0.3486509571246962,-0.0457767834932819,-0.3022380146927642,No
-0.7272699561968445,-1.197941958136927,0.860685293639569,1.7247140379605317,1.6420016577734786,0.2099731799916985,0.2263924570822875,1.891214274773834,0.2323857092588558,0.2693815530228415,0.3078075310694004,0.3971856239139553,-0.0406800043827619,-0.0173832283872629,-0.1967136044526272,-0.3674229130166189,-0.1167392107948412,-0.1194864329079624,-0.2439283128751274,-0.3147144558337378,No
0.1439333454764483,-1.197941958136927,0.0102057544700344,0.1178376050780487,-0.7022265972965258,0.2099731799916985,0.2263924570822875,-0.578450332446785,3.1378458444754664,3.2766257528059395,2.9168248392955576,1.2360900166539528,-0.6586301519108896,-0.6218232109385466,0.4136088510876613,10.521714093435095,2.389610061366823,-0.3693932204943678,6.595151788110143,-0.1770383785920638,No
0.4607345460849184,0.8347649844031078,-0.8402737846995002,-0.6856006113631927,-0.7022265972965258,0.2099731799916985,-0.6268454464941731,-0.578450332446785,-0.677179385122382,-0.6526834268876994,-0.6524259912293466,-0.6060299655234284,-0.6353210097891162,-0.6320799455751688,-0.3181521238114128,-0.3079456957124137,-0.4436543332507104,-0.3364055245329623,-0.319807358465678,-0.2572647966264639,No
-0.8856705565010795,-1.197941958136927,0.0102057544700344,0.1178376050780487,0.0791828210601423,0.2099731799916985,0.2263924570822875,0.2447712032934213,-0.6361414590373281,-0.6211019191538149,-0.5975271851893422,-0.5312111726558888,-0.5358453775649313,-0.5195590192906491,-0.3688558355024522,-0.2873689816450497,-0.3019911135198337,-0.2444398267011651,-0.2645476187421249,-0.3049944377355374,No
-0.0936675549799042,0.8347649844031078,0.860685293639569,-1.4890388278044342,-1.483636015653194,-1.4653447454739814,-1.4800833500706336,-1.4016718681869913,-0.6826863382669707,-0.675804850586252,-0.6641424704488788,-0.6120142600044516,-0.6419094610954847,-0.6387493493782925,-0.4471023041614635,-0.3674229130166189,-0.4436543332507104,-0.3693932204943678,-0.3470248422101146,-0.3147144558337378,No
-0.7272699561968445,0.8347649844031078,0.0102057544700344,0.1178376050780487,0.0791828210601423,0.2099731799916985,0.2263924570822875,0.2447712032934213,0.007142981776776,0.0510047569864517,0.1205213859693043,0.2214045294612748,0.3080587022656975,0.3572991615321665,-0.2123628981844295,-0.1646596722068283,-0.1167392107948412,-0.1194864329079624,-0.1408317835401401,0.0262115520882156,No
-0.4896690557404919,-1.197941958136927,0.0102057544700344,0.1178376050780487,-1.483636015653194,-1.4653447454739814,-1.4800833500706336,-1.4016718681869913,-0.2778835627976949,-0.675804850586252,-0.6641424704488788,-0.6120142600044516,-0.6419094610954847,-0.6387493493782925,-0.4471023041614635,-0.3674229130166189,-0.4436543332507104,-0.3693932204943678,-0.3470248422101146,3.1649069484250085,No
0.1439333454764483,-1.197941958136927,1.7111648328091036,1.7247140379605317,-1.483636015653194,-1.4653447454739814,-1.4800833500706336,-1.4016718681869913,0.4790304591892235,-0.675804850586252,-0.6641424704488788,-0.6120142600044516,-0.6419094610954847,-0.6387493493782925,-0.4471023041614635,-0.3674229130166189,-0.4436543332507104,-0.3693932204943678,-0.3470248422101146,-0.3147144558337378,No
1.2527375476060938,-1.197941958136927,0.0102057544700344,0.1178376050780487,0.0791828210601423,0.2099731799916985,0.2263924570822875,0.2447712032934213,0.6212934154244323,0.6082619340998063,0.6906346134469903,0.7660811102176335,0.902666432665454,0.96667382922061,-0.1875587676195229,-0.104131089950276,0.0159883289222416,0.047118092149641,0.0708597566943669,-0.2466743291463351,No
0.4607345460849184,-1.197941958136927,1.7111648328091036,0.1178376050780487,0.0791828210601423,0.2099731799916985,0.2263924570822875,0.2447712032934213,2.242952052032464,2.319906697327786,2.3219620288200478,1.943627056051692,2.2225528443746088,2.096413570911868,0.3353623824286499,0.309956506281274,0.210175911661028,0.0887692234140419,0.0653612751298343,0.0842415108834418,No
0.9359363469976236,-1.197941958136927,-1.6907533238690349,-1.4890388278044342,-1.483636015653194,-1.4653447454739814,-1.4800833500706336,-1.4016718681869913,-0.6537331149158754,-0.6259001757708689,-0.5809584266970746,-0.5304102443541356,-0.5775888733418973,-0.5793647084444179,-0.1656497563949997,0.0585300876771337,0.1477351232719569,-0.0457639305699729,-0.1035108399208748,-0.0594551745832368,No
